# per-packet: t_ms,src,dst,dport,csp_flags,is_rdp,rdp_flags,rdp_seq,rdp_ack,dtp_offset,dtp_frag,rtt_paired,rtt_ms,dir
# window: #WINDOW,t_ms,conn_ovf_delta,buffer_out_delta,buffer_remaining,inferred_loss,dups,reorders,suspect,suspect_flags
#   note: *_delta are per-window; inferred_loss/dups/reorders are cumulative run totals
# remote: #REMOTE,t_ms,node,iface,status,tx,rx,txe,rxe,drop,autherr,frame,txb,rxb,reboot
#WINDOW,2973369214,0,0,1000,0,0,0,0,0x0
#WINDOW,2973370215,0,0,1000,0,0,0,0,0x0
#WINDOW,2973371217,0,0,1000,0,0,0,0,0x0
#WINDOW,2973372219,0,0,1000,0,0,0,0,0x0
#WINDOW,2973373220,0,0,1000,0,0,0,0,0x0
#WINDOW,2973374267,0,0,1000,0,0,0,0,0x0
2973374729,5424,5426,8,0x00,0,,,,0,0,,,rx
2973375161,5424,5426,8,0x00,0,,,,252,1,,,rx
#WINDOW,2973375361,0,0,1000,0,0,0,0,0x0
2973375593,5424,5426,8,0x00,0,,,,504,2,,,rx
2973376026,5424,5426,8,0x00,0,,,,756,3,,,rx
#WINDOW,2973376430,0,0,1000,0,0,0,0,0x0
2973376458,5424,5426,8,0x00,0,,,,1008,4,,,rx
2973376890,5424,5426,8,0x00,0,,,,1260,5,,,rx
2973377322,5424,5426,8,0x00,0,,,,1512,6,,,rx
#WINDOW,2973377523,0,0,1000,0,0,0,0,0x0
2973377755,5424,5426,8,0x00,0,,,,1764,7,,,rx
2973378187,5424,5426,8,0x00,0,,,,2016,8,,,rx
#WINDOW,2973378591,0,0,1000,0,0,0,0,0x0
2973378619,5424,5426,8,0x00,0,,,,2268,9,,,rx
2973379051,5424,5426,8,0x00,0,,,,2520,10,,,rx
2973379484,5424,5426,8,0x00,0,,,,2772,11,,,rx
#WINDOW,2973379687,0,0,1000,0,0,0,0,0x0
2973380343,5424,5426,8,0x00,0,,,,3276,13,,,rx
#WINDOW,2973380747,0,0,1000,0,0,0,0,0x0
2973380775,5424,5426,8,0x00,0,,,,3528,14,,,rx
#WINDOW,2973381782,0,0,1000,0,0,0,0,0x0
2973382061,5424,5426,8,0x00,0,,,,4284,17,,,rx
2973382493,5424,5426,8,0x00,0,,,,4536,18,,,rx
#WINDOW,2973382797,0,0,1000,0,0,0,0,0x0
2973382926,5424,5426,8,0x00,0,,,,4788,19,,,rx
2973383358,5424,5426,8,0x00,0,,,,5040,20,,,rx
2973383790,5424,5426,8,0x00,0,,,,5292,21,,,rx
#WINDOW,2973383890,0,0,1000,0,0,0,0,0x0
2973384222,5424,5426,8,0x00,0,,,,5544,22,,,rx
#WINDOW,2973384927,0,0,1000,0,0,0,0,0x0
#WINDOW,2973385928,0,0,1000,0,0,0,0,0x0
#WINDOW,2973386930,0,0,1000,0,0,0,0,0x0
2973387216,5424,5426,8,0x00,0,,,,7308,29,,,rx
#WINDOW,2973388017,0,0,1000,0,0,0,0,0x0
2973388075,5424,5426,8,0x00,0,,,,7812,31,,,rx
2973388507,5424,5426,8,0x00,0,,,,8064,32,,,rx
2973388939,5424,5426,8,0x00,0,,,,8316,33,,,rx
#WINDOW,2973389040,0,0,1000,0,0,0,0,0x0
2973389799,5424,5426,8,0x00,0,,,,8820,35,,,rx
#WINDOW,2973390099,0,0,1000,0,0,0,0,0x0
#WINDOW,2973391101,0,0,1000,0,0,0,0,0x0
2973391938,5424,5426,8,0x00,0,,,,10080,40,,,rx
#WINDOW,2973392138,0,0,1000,0,0,0,0,0x0
2973392370,5424,5426,8,0x00,0,,,,10332,41,,,rx
2973392803,5424,5426,8,0x00,0,,,,10584,42,,,rx
#WINDOW,2973393203,0,0,1000,0,0,0,0,0x0
2973393235,5424,5426,8,0x00,0,,,,10836,43,,,rx
2973393667,5424,5426,8,0x00,0,,,,11088,44,,,rx
2973394099,5424,5426,8,0x00,0,,,,11340,45,,,rx
#WINDOW,2973394300,0,0,1000,0,0,0,0,0x0
2973394532,5424,5426,8,0x00,0,,,,11592,46,,,rx
2973394964,5424,5426,8,0x00,0,,,,11844,47,,,rx
#WINDOW,2973395365,0,0,1000,0,0,0,0,0x0
2973395396,5424,5426,8,0x00,0,,,,12096,48,,,rx
2973395828,5424,5426,8,0x00,0,,,,12348,49,,,rx
2973396261,5424,5426,8,0x00,0,,,,12600,50,,,rx
#WINDOW,2973396461,0,0,1000,0,0,0,0,0x0
2973396694,5424,5426,8,0x00,0,,,,12852,51,,,rx
2973397126,5424,5426,8,0x00,0,,,,13104,52,,,rx
#WINDOW,2973397527,0,0,1000,0,0,0,0,0x0
2973397558,5424,5426,8,0x00,0,,,,13356,53,,,rx
2973397991,5424,5426,8,0x00,0,,,,13608,54,,,rx
2973398423,5424,5426,8,0x00,0,,,,13860,55,,,rx
#WINDOW,2973398623,0,0,1000,0,0,0,0,0x0
2973398855,5424,5426,8,0x00,0,,,,14112,56,,,rx
2973399287,5424,5426,8,0x00,0,,,,14364,57,,,rx
#WINDOW,2973399688,0,0,1000,0,0,0,0,0x0
2973399719,5424,5426,8,0x00,0,,,,14616,58,,,rx
2973400152,5424,5426,8,0x00,0,,,,14868,59,,,rx
#WINDOW,2973400753,0,0,1000,0,0,0,0,0x0
2973401438,5424,5426,8,0x00,0,,,,15624,62,,,rx
#WINDOW,2973401839,0,0,1000,0,0,0,0,0x0
2973401870,5424,5426,8,0x00,0,,,,15876,63,,,rx
2973402302,5424,5426,8,0x00,0,,,,16128,64,,,rx
2973402735,5424,5426,8,0x00,0,,,,16380,65,,,rx
#WINDOW,2973402935,0,0,1000,0,0,0,0,0x0
2973403167,5424,5426,8,0x00,0,,,,16632,66,,,rx
2973403599,5424,5426,8,0x00,0,,,,16884,67,,,rx
#WINDOW,2973404000,0,0,1000,0,0,0,0,0x0
2973404032,5424,5426,8,0x00,0,,,,17136,68,,,rx
2973404464,5424,5426,8,0x00,0,,,,17388,69,,,rx
2973404896,5424,5426,8,0x00,0,,,,17640,70,,,rx
#WINDOW,2973405097,0,0,1000,0,0,0,0,0x0
2973405329,5424,5426,8,0x00,0,,,,17892,71,,,rx
2973405761,5424,5426,8,0x00,0,,,,18144,72,,,rx
#WINDOW,2973406162,0,0,1000,0,0,0,0,0x0
2973406193,5424,5426,8,0x00,0,,,,18396,73,,,rx
#WINDOW,2973407195,0,0,1000,0,0,0,0,0x0
2973407906,5424,5426,8,0x00,0,,,,19404,77,,,rx
#WINDOW,2973408207,0,0,1000,0,0,0,0,0x0
2973408338,5424,5426,8,0x00,0,,,,19656,78,,,rx
#WINDOW,2973409240,0,0,1000,0,0,0,0,0x0
#WINDOW,2973410242,0,0,1000,0,0,0,0,0x0
2973410478,5424,5426,8,0x00,0,,,,20916,83,,,rx
2973410911,5424,5426,8,0x00,0,,,,21168,84,,,rx
#WINDOW,2973411311,0,0,1000,0,0,0,0,0x0
2973411343,5424,5426,8,0x00,0,,,,21420,85,,,rx
2973411775,5424,5426,8,0x00,0,,,,21672,86,,,rx
2973412207,5424,5426,8,0x00,0,,,,21924,87,,,rx
#WINDOW,2973412408,0,0,1000,0,0,0,0,0x0
2973412640,5424,5426,8,0x00,0,,,,22176,88,,,rx
2973413072,5424,5426,8,0x00,0,,,,22428,89,,,rx
#WINDOW,2973413472,0,0,1000,0,0,0,0,0x0
2973413504,5424,5426,8,0x00,0,,,,22680,90,,,rx
2973413936,5424,5426,8,0x00,0,,,,22932,91,,,rx
2973414369,5424,5426,8,0x00,0,,,,23184,92,,,rx
#WINDOW,2973414569,0,0,1000,0,0,0,0,0x0
2973414801,5424,5426,8,0x00,0,,,,23436,93,,,rx
#WINDOW,2973415602,0,0,1000,0,0,0,0,0x0
2973415660,5424,5426,8,0x00,0,,,,23940,95,,,rx
2973416092,5424,5426,8,0x00,0,,,,24192,96,,,rx
#WINDOW,2973416693,0,0,1000,0,0,0,0,0x0
#WINDOW,2973417695,0,0,1000,0,0,0,0,0x0
2973418232,5424,5426,8,0x00,0,,,,25452,101,,,rx
2973418665,5424,5426,8,0x00,0,,,,25704,102,,,rx
#WINDOW,2973418765,0,0,1000,0,0,0,0,0x0
2973419097,5424,5426,8,0x00,0,,,,25956,103,,,rx
2973419529,5424,5426,8,0x00,0,,,,26208,104,,,rx
#WINDOW,2973419830,0,0,1000,0,0,0,0,0x0
2973419961,5424,5426,8,0x00,0,,,,26460,105,,,rx
2973420394,5424,5426,8,0x00,0,,,,26712,106,,,rx
#WINDOW,2973420894,0,0,1000,0,0,0,0,0x0
2973421253,5424,5426,8,0x00,0,,,,27216,108,,,rx
2973421685,5424,5426,8,0x00,0,,,,27468,109,,,rx
#WINDOW,2973421985,0,0,1000,0,0,0,0,0x0
2973422117,5424,5426,8,0x00,0,,,,27720,110,,,rx
2973422550,5424,5426,8,0x00,0,,,,27972,111,,,rx
2973422982,5424,5426,8,0x00,0,,,,28224,112,,,rx
#WINDOW,2973423082,0,0,1000,0,0,0,0,0x0
2973423414,5424,5426,8,0x00,0,,,,28476,113,,,rx
2973423847,5424,5426,8,0x00,0,,,,28728,114,,,rx
#WINDOW,2973424147,0,0,1000,0,0,0,0,0x0
2973424706,5424,5426,8,0x00,0,,,,29232,116,,,rx
2973425138,5424,5426,8,0x00,0,,,,29484,117,,,rx
#WINDOW,2973425238,0,0,1000,0,0,0,0,0x0
#WINDOW,2973426240,0,0,1000,0,0,0,0,0x0
#WINDOW,2973427241,0,0,1000,0,0,0,0,0x0
2973427278,5424,5426,8,0x00,0,,,,30744,122,,,rx
#WINDOW,2973428279,0,0,1000,0,0,0,0,0x0
2973428564,5424,5426,8,0x00,0,,,,31500,125,,,rx
2973428996,5424,5426,8,0x00,0,,,,31752,126,,,rx
#WINDOW,2973429296,0,0,1000,0,0,0,0,0x0
2973429428,5424,5426,8,0x00,0,,,,32004,127,,,rx
2973429861,5424,5426,8,0x00,0,,,,32256,128,,,rx
#WINDOW,2973430361,0,0,1000,0,0,0,0,0x0
#WINDOW,2973431363,0,0,1000,0,0,0,0,0x0
#WINDOW,2973432365,0,0,1000,0,0,0,0,0x0
2973433281,5424,5426,8,0x00,0,,,,34272,136,,,rx
#WINDOW,2973433381,0,0,1000,0,0,0,0,0x0
2973433714,5424,5426,8,0x00,0,,,,34524,137,,,rx
2973434146,5424,5426,8,0x00,0,,,,34776,138,,,rx
#WINDOW,2973434446,0,0,1000,0,0,0,0,0x0
2973435432,5424,5426,8,0x00,0,,,,35532,141,,,rx
#WINDOW,2973435532,0,0,1000,0,0,0,0,0x0
#WINDOW,2973436534,0,0,1000,0,0,0,0,0x0
#WINDOW,2973437535,0,0,1000,0,0,0,0,0x0
#WINDOW,2973438537,0,0,1000,0,0,0,0,0x0
#WINDOW,2973439539,0,0,1000,0,0,0,0,0x0
2973439706,5424,5426,8,0x00,0,,,,38052,151,,,rx
2973440139,5424,5426,8,0x00,0,,,,38304,152,,,rx
#WINDOW,2973440539,0,0,1000,0,0,0,0,0x0
2973440571,5424,5426,8,0x00,0,,,,38556,153,,,rx
2973441003,5424,5426,8,0x00,0,,,,38808,154,,,rx
2973441435,5424,5426,8,0x00,0,,,,39060,155,,,rx
#WINDOW,2973441635,0,0,1000,0,0,0,0,0x0
2973441867,5424,5426,8,0x00,0,,,,39312,156,,,rx
2973442300,5424,5426,8,0x00,0,,,,39564,157,,,rx
#WINDOW,2973442700,0,0,1000,0,0,0,0,0x0
2973442732,5424,5426,8,0x00,0,,,,39816,158,,,rx
2973443164,5424,5426,8,0x00,0,,,,40068,159,,,rx
2973443597,5424,5426,8,0x00,0,,,,40320,160,,,rx
#WINDOW,2973443797,0,0,1000,0,0,0,0,0x0
2973444029,5424,5426,8,0x00,0,,,,40572,161,,,rx
2973444461,5424,5426,8,0x00,0,,,,40824,162,,,rx
#WINDOW,2973444862,0,0,1000,0,0,0,0,0x0
2973445747,5424,5426,8,0x00,0,,,,41580,165,,,rx
#WINDOW,2973445947,0,0,1000,0,0,0,0,0x0
2973446179,5424,5426,8,0x00,0,,,,41832,166,,,rx
2973446611,5424,5426,8,0x00,0,,,,42084,167,,,rx
#WINDOW,2973447012,0,0,1000,0,0,0,0,0x0
2973447044,5424,5426,8,0x00,0,,,,42336,168,,,rx
2973447476,5424,5426,8,0x00,0,,,,42588,169,,,rx
2973447908,5424,5426,8,0x00,0,,,,42840,170,,,rx
#WINDOW,2973448109,0,0,1000,0,0,0,0,0x0
2973448341,5424,5426,8,0x00,0,,,,43092,171,,,rx
2973448773,5424,5426,8,0x00,0,,,,43344,172,,,rx
#WINDOW,2973449174,0,0,1000,0,0,0,0,0x0
#WINDOW,2973450175,0,0,1000,0,0,0,0,0x0
2973450486,5424,5426,8,0x00,0,,,,44352,176,,,rx
2973450918,5424,5426,8,0x00,0,,,,44604,177,,,rx
#WINDOW,2973451219,0,0,1000,0,0,0,0,0x0
2973451350,5424,5426,8,0x00,0,,,,44856,178,,,rx
2973451783,5424,5426,8,0x00,0,,,,45108,179,,,rx
2973452215,5424,5426,8,0x00,0,,,,45360,180,,,rx
#WINDOW,2973452316,0,0,1000,0,0,0,0,0x0
2973452648,5424,5426,8,0x00,0,,,,45612,181,,,rx
2973453080,5424,5426,8,0x00,0,,,,45864,182,,,rx
#WINDOW,2973453380,0,0,1000,0,0,0,0,0x0
2973453512,5424,5426,8,0x00,0,,,,46116,183,,,rx
2973453945,5424,5426,8,0x00,0,,,,46368,184,,,rx
2973454377,5424,5426,8,0x00,0,,,,46620,185,,,rx
#WINDOW,2973454477,0,0,1000,0,0,0,0,0x0
2973454809,5424,5426,8,0x00,0,,,,46872,186,,,rx
2973455241,5424,5426,8,0x00,0,,,,47124,187,,,rx
#WINDOW,2973455542,0,0,1000,0,0,0,0,0x0
#WINDOW,2973456543,0,0,1000,0,0,0,0,0x0
2973456954,5424,5426,8,0x00,0,,,,48132,191,,,rx
2973457387,5424,5426,8,0x00,0,,,,48384,192,,,rx
#WINDOW,2973457587,0,0,1000,0,0,0,0,0x0
2973457819,5424,5426,8,0x00,0,,,,48636,193,,,rx
2973458251,5424,5426,8,0x00,0,,,,48888,194,,,rx
#WINDOW,2973458652,0,0,1000,0,0,0,0,0x0
#WINDOW,2973459653,0,0,1000,0,0,0,0,0x0
2973459964,5424,5426,8,0x00,0,,,,49896,198,,,rx
2973460396,5424,5426,8,0x00,0,,,,50148,199,,,rx
#WINDOW,2973460697,0,0,1000,0,0,0,0,0x0
2973460828,5424,5426,8,0x00,0,,,,50400,200,,,rx
#WINDOW,2973461730,0,0,1000,0,0,0,0,0x0
#WINDOW,2973462731,0,0,1000,0,0,0,0,0x0
2973462968,5424,5426,8,0x00,0,,,,51660,205,,,rx
#WINDOW,2973463769,0,0,1000,0,0,0,0,0x0
2973464254,5424,5426,8,0x00,0,,,,52416,208,,,rx
2973464687,5424,5426,8,0x00,0,,,,52668,209,,,rx
#WINDOW,2973464787,0,0,1000,0,0,0,0,0x0
2973465119,5424,5426,8,0x00,0,,,,52920,210,,,rx
2973465551,5424,5426,8,0x00,0,,,,53172,211,,,rx
#WINDOW,2973465851,0,0,1000,0,0,0,0,0x0
2973465983,5424,5426,8,0x00,0,,,,53424,212,,,rx
2973466416,5424,5426,8,0x00,0,,,,53676,213,,,rx
2973466848,5424,5426,8,0x00,0,,,,53928,214,,,rx
#WINDOW,2973466948,0,0,1000,0,0,0,0,0x0
2973467280,5424,5426,8,0x00,0,,,,54180,215,,,rx
2973467713,5424,5426,8,0x00,0,,,,54432,216,,,rx
#WINDOW,2973468013,0,0,1000,0,0,0,0,0x0
2973468145,5424,5426,8,0x00,0,,,,54684,217,,,rx
2973468577,5424,5426,8,0x00,0,,,,54936,218,,,rx
2973469009,5424,5426,8,0x00,0,,,,55188,219,,,rx
#WINDOW,2973469109,0,0,1000,0,0,0,0,0x0
2973469441,5424,5426,8,0x00,0,,,,55440,220,,,rx
2973469874,5424,5426,8,0x00,0,,,,55692,221,,,rx
#WINDOW,2973470174,0,0,1000,0,0,0,0,0x0
2973470306,5424,5426,8,0x00,0,,,,55944,222,,,rx
2973470738,5424,5426,8,0x00,0,,,,56196,223,,,rx
2973471170,5424,5426,8,0x00,0,,,,56448,224,,,rx
#WINDOW,2973471270,0,0,1000,0,0,0,0,0x0
2973471602,5424,5426,8,0x00,0,,,,56700,225,,,rx
2973472034,5424,5426,8,0x00,0,,,,56952,226,,,rx
#WINDOW,2973472335,0,0,1000,0,0,0,0,0x0
2973472467,5424,5426,8,0x00,0,,,,57204,227,,,rx
#WINDOW,2973473368,0,0,1000,0,0,0,0,0x0
#WINDOW,2973474370,0,0,1000,0,0,0,0,0x0
2973474607,5424,5426,8,0x00,0,,,,58464,232,,,rx
2973475039,5424,5426,8,0x00,0,,,,58716,233,,,rx
#WINDOW,2973475439,0,0,1000,0,0,0,0,0x0
2973475471,5424,5426,8,0x00,0,,,,58968,234,,,rx
#WINDOW,2973476473,0,0,1000,0,0,0,0,0x0
2973476757,5424,5426,8,0x00,0,,,,59724,237,,,rx
2973477190,5424,5426,8,0x00,0,,,,59976,238,,,rx
#WINDOW,2973477490,0,0,1000,0,0,0,0,0x0
#WINDOW,2973478492,0,0,1000,0,0,0,0,0x0
#WINDOW,2973479494,0,0,1000,0,0,0,0,0x0
#WINDOW,2973480495,0,0,1000,0,0,0,0,0x0
2973480610,5424,5426,8,0x00,0,,,,61992,246,,,rx
2973481042,5424,5426,8,0x00,0,,,,62244,247,,,rx
2973481474,5424,5426,8,0x00,0,,,,62496,248,,,rx
#WINDOW,2973481575,0,0,1000,0,0,0,0,0x0
2973481907,5424,5426,8,0x00,0,,,,62748,249,,,rx
2973482339,5424,5426,8,0x00,0,,,,63000,250,,,rx
#WINDOW,2973482640,0,0,1000,0,0,0,0,0x0
2973482771,5424,5426,8,0x00,0,,,,63252,251,,,rx
2973483203,5424,5426,8,0x00,0,,,,63504,252,,,rx
2973483636,5424,5426,8,0x00,0,,,,63756,253,,,rx
#WINDOW,2973483736,0,0,1000,0,0,0,0,0x0
2973484068,5424,5426,8,0x00,0,,,,64008,254,,,rx
2973484500,5424,5426,8,0x00,0,,,,64260,255,,,rx
#WINDOW,2973484801,0,0,1000,0,0,0,0,0x0
2973484933,5424,5426,8,0x00,0,,,,64512,256,,,rx
2973485365,5424,5426,8,0x00,0,,,,64764,257,,,rx
2973485797,5424,5426,8,0x00,0,,,,65016,258,,,rx
#WINDOW,2973485897,0,0,1000,0,0,0,0,0x0
2973486230,5424,5426,8,0x00,0,,,,65268,259,,,rx
2973486662,5424,5426,8,0x00,0,,,,65520,260,,,rx
#WINDOW,2973486962,0,0,1000,0,0,0,0,0x0
2973487094,5424,5426,8,0x00,0,,,,65772,261,,,rx
2973487526,5424,5426,8,0x00,0,,,,66024,262,,,rx
2973487959,5424,5426,8,0x00,0,,,,66276,263,,,rx
#WINDOW,2973488059,0,0,1000,0,0,0,0,0x0
2973488391,5424,5426,8,0x00,0,,,,66528,264,,,rx
2973488823,5424,5426,8,0x00,0,,,,66780,265,,,rx
#WINDOW,2973489123,0,0,1000,0,0,0,0,0x0
2973489255,5424,5426,8,0x00,0,,,,67032,266,,,rx
2973489688,5424,5426,8,0x00,0,,,,67284,267,,,rx
2973490120,5424,5426,8,0x00,0,,,,67536,268,,,rx
#WINDOW,2973490220,0,0,1000,0,0,0,0,0x0
2973490552,5424,5426,8,0x00,0,,,,67788,269,,,rx
2973490985,5424,5426,8,0x00,0,,,,68040,270,,,rx
#WINDOW,2973491285,0,0,1000,0,0,0,0,0x0
2973491417,5424,5426,8,0x00,0,,,,68292,271,,,rx
2973491849,5424,5426,8,0x00,0,,,,68544,272,,,rx
2973492282,5424,5426,8,0x00,0,,,,68796,273,,,rx
#WINDOW,2973492382,0,0,1000,0,0,0,0,0x0
2973492714,5424,5426,8,0x00,0,,,,69048,274,,,rx
2973493146,5424,5426,8,0x00,0,,,,69300,275,,,rx
#WINDOW,2973493447,0,0,1000,0,0,0,0,0x0
#WINDOW,2973494448,0,0,1000,0,0,0,0,0x0
#WINDOW,2973495450,0,0,1000,0,0,0,0,0x0
#WINDOW,2973496452,0,0,1000,0,0,0,0,0x0
#WINDOW,2973497453,0,0,1000,0,0,0,0,0x0
#WINDOW,2973498455,0,0,1000,0,0,0,0,0x0
2973499128,5424,5426,8,0x00,0,,,,72828,289,,,rx
#WINDOW,2973499529,0,0,1000,0,0,0,0,0x0
2973499560,5424,5426,8,0x00,0,,,,73080,290,,,rx
2973499993,5424,5426,8,0x00,0,,,,73332,291,,,rx
2973500425,5424,5426,8,0x00,0,,,,73584,292,,,rx
#WINDOW,2973500625,0,0,1000,0,0,0,0,0x0
2973500857,5424,5426,8,0x00,0,,,,73836,293,,,rx
2973501289,5424,5426,8,0x00,0,,,,74088,294,,,rx
#WINDOW,2973501690,0,0,1000,0,0,0,0,0x0
2973501722,5424,5426,8,0x00,0,,,,74340,295,,,rx
2973502154,5424,5426,8,0x00,0,,,,74592,296,,,rx
2973502586,5424,5426,8,0x00,0,,,,74844,297,,,rx
#WINDOW,2973502787,0,0,1000,0,0,0,0,0x0
2973503019,5424,5426,8,0x00,0,,,,75096,298,,,rx
#WINDOW,2973503820,0,0,1000,0,0,0,0,0x0
#WINDOW,2973504822,0,0,1000,0,0,0,0,0x0
2973505585,5424,5426,8,0x00,0,,,,76608,304,,,rx
#WINDOW,2973505886,0,0,1000,0,0,0,0,0x0
2973506018,5424,5426,8,0x00,0,,,,76860,305,,,rx
2973506450,5424,5426,8,0x00,0,,,,77112,306,,,rx
2973506882,5424,5426,8,0x00,0,,,,77364,307,,,rx
#WINDOW,2973506983,0,0,1000,0,0,0,0,0x0
2973507315,5424,5426,8,0x00,0,,,,77616,308,,,rx
2973507747,5424,5426,8,0x00,0,,,,77868,309,,,rx
#WINDOW,2973508047,0,0,1000,0,0,0,0,0x0
2973508179,5424,5426,8,0x00,0,,,,78120,310,,,rx
2973508612,5424,5426,8,0x00,0,,,,78372,311,,,rx
2973509044,5424,5426,8,0x00,0,,,,78624,312,,,rx
#WINDOW,2973509144,0,0,1000,0,0,0,0,0x0
2973509476,5424,5426,8,0x00,0,,,,78876,313,,,rx
2973509909,5424,5426,8,0x00,0,,,,79128,314,,,rx
#WINDOW,2973510209,0,0,1000,0,0,0,0,0x0
2973510341,5424,5426,8,0x00,0,,,,79380,315,,,rx
2973510773,5424,5426,8,0x00,0,,,,79632,316,,,rx
2973511206,5424,5426,8,0x00,0,,,,79884,317,,,rx
#WINDOW,2973511306,0,0,1000,0,0,0,0,0x0
2973511638,5424,5426,8,0x00,0,,,,80136,318,,,rx
2973512070,5424,5426,8,0x00,0,,,,80388,319,,,rx
#WINDOW,2973512371,0,0,1000,0,0,0,0,0x0
2973512503,5424,5426,8,0x00,0,,,,80640,320,,,rx
2973512935,5424,5426,8,0x00,0,,,,80892,321,,,rx
2973513367,5424,5426,8,0x00,0,,,,81144,322,,,rx
#WINDOW,2973513468,0,0,1000,0,0,0,0,0x0
2973513800,5424,5426,8,0x00,0,,,,81396,323,,,rx
#WINDOW,2973514501,0,0,1000,0,0,0,0,0x0
2973514659,5424,5426,8,0x00,0,,,,81900,325,,,rx
2973515091,5424,5426,8,0x00,0,,,,82152,326,,,rx
2973515524,5424,5426,8,0x00,0,,,,82404,327,,,rx
#WINDOW,2973515524,0,0,1000,0,0,0,0,0x0
2973515956,5424,5426,8,0x00,0,,,,82656,328,,,rx
#WINDOW,2973516557,0,0,1000,0,0,0,0,0x0
#WINDOW,2973517559,0,0,1000,0,0,0,0,0x0
2973518523,5424,5426,8,0x00,0,,,,84168,334,,,rx
#WINDOW,2973518623,0,0,1000,0,0,0,0,0x0
#WINDOW,2973519624,0,0,1000,0,0,0,0,0x0
#WINDOW,2973520626,0,0,1000,0,0,0,0,0x0
#WINDOW,2973521628,0,0,1000,0,0,0,0,0x0
#WINDOW,2973522629,0,0,1000,0,0,0,0,0x0
2973522797,5424,5426,8,0x00,0,,,,86688,344,,,rx
2973523229,5424,5426,8,0x00,0,,,,86940,345,,,rx
#WINDOW,2973523630,0,0,1000,0,0,0,0,0x0
2973523662,5424,5426,8,0x00,0,,,,87192,346,,,rx
#WINDOW,2973524663,0,0,1000,0,0,0,0,0x0
2973525375,5424,5426,8,0x00,0,,,,88200,350,,,rx
#WINDOW,2973525675,0,0,1000,0,0,0,0,0x0
2973525807,5424,5426,8,0x00,0,,,,88452,351,,,rx
2973526239,5424,5426,8,0x00,0,,,,88704,352,,,rx
2973526672,5424,5426,8,0x00,0,,,,88956,353,,,rx
#WINDOW,2973526772,0,0,1000,0,0,0,0,0x0
2973527104,5424,5426,8,0x00,0,,,,89208,354,,,rx
2973527536,5424,5426,8,0x00,0,,,,89460,355,,,rx
#WINDOW,2973527837,0,0,1000,0,0,0,0,0x0
2973527969,5424,5426,8,0x00,0,,,,89712,356,,,rx
2973528401,5424,5426,8,0x00,0,,,,89964,357,,,rx
2973528833,5424,5426,8,0x00,0,,,,90216,358,,,rx
#WINDOW,2973528933,0,0,1000,0,0,0,0,0x0
2973529266,5424,5426,8,0x00,0,,,,90468,359,,,rx
2973529698,5424,5426,8,0x00,0,,,,90720,360,,,rx
#WINDOW,2973529998,0,0,1000,0,0,0,0,0x0
2973530130,5424,5426,8,0x00,0,,,,90972,361,,,rx
2973530563,5424,5426,8,0x00,0,,,,91224,362,,,rx
2973530995,5424,5426,8,0x00,0,,,,91476,363,,,rx
#WINDOW,2973531095,0,0,1000,0,0,0,0,0x0
2973531427,5424,5426,8,0x00,0,,,,91728,364,,,rx
2973531860,5424,5426,8,0x00,0,,,,91980,365,,,rx
#WINDOW,2973532160,0,0,1000,0,0,0,0,0x0
2973532292,5424,5426,8,0x00,0,,,,92232,366,,,rx
2973532724,5424,5426,8,0x00,0,,,,92484,367,,,rx
2973533157,5424,5426,8,0x00,0,,,,92736,368,,,rx
#WINDOW,2973533257,0,0,1000,0,0,0,0,0x0
2973533589,5424,5426,8,0x00,0,,,,92988,369,,,rx
2973534021,5424,5426,8,0x00,0,,,,93240,370,,,rx
#WINDOW,2973534322,0,0,1000,0,0,0,0,0x0
#WINDOW,2973535323,0,0,1000,0,0,0,0,0x0
#WINDOW,2973536325,0,0,1000,0,0,0,0,0x0
#WINDOW,2973537327,0,0,1000,0,0,0,0,0x0
2973538295,5424,5426,8,0x00,0,,,,95760,380,,,rx
#WINDOW,2973538395,0,0,1000,0,0,0,0,0x0
2973538728,5424,5426,8,0x00,0,,,,96012,381,,,rx
2973539160,5424,5426,8,0x00,0,,,,96264,382,,,rx
#WINDOW,2973539460,0,0,1000,0,0,0,0,0x0
2973539592,5424,5426,8,0x00,0,,,,96516,383,,,rx
2973540024,5424,5426,8,0x00,0,,,,96768,384,,,rx
2973540457,5424,5426,8,0x00,0,,,,97020,385,,,rx
#WINDOW,2973540557,0,0,1000,0,0,0,0,0x0
2973540889,5424,5426,8,0x00,0,,,,97272,386,,,rx
2973541321,5424,5426,8,0x00,0,,,,97524,387,,,rx
#WINDOW,2973541622,0,0,1000,0,0,0,0,0x0
2973541754,5424,5426,8,0x00,0,,,,97776,388,,,rx
2973542186,5424,5426,8,0x00,0,,,,98028,389,,,rx
2973542618,5424,5426,8,0x00,0,,,,98280,390,,,rx
#WINDOW,2973542718,0,0,1000,0,0,0,0,0x0
2973543051,5424,5426,8,0x00,0,,,,98532,391,,,rx
2973543483,5424,5426,8,0x00,0,,,,98784,392,,,rx
#WINDOW,2973543783,0,0,1000,0,0,0,0,0x0
2973543915,5424,5426,8,0x00,0,,,,99036,393,,,rx
2973544347,5424,5426,8,0x00,0,,,,99288,394,,,rx
2973544780,5424,5426,8,0x00,0,,,,99540,395,,,rx
#WINDOW,2973544880,0,0,1000,0,0,0,0,0x0
2973545212,5424,5426,8,0x00,0,,,,99792,396,,,rx
2973545644,5424,5426,8,0x00,0,,,,100044,397,,,rx
#WINDOW,2973545945,0,0,1000,0,0,0,0,0x0
#WINDOW,2973546947,0,0,1000,0,0,0,0,0x0
#WINDOW,2973547948,0,0,1000,0,0,0,0,0x0
#WINDOW,2973548949,0,0,1000,0,0,0,0,0x0
2973549492,5424,5426,8,0x00,0,,,,102312,406,,,rx
2973549924,5424,5426,8,0x00,0,,,,102564,407,,,rx
#WINDOW,2973550024,0,0,1000,0,0,0,0,0x0
#WINDOW,2973551026,0,0,1000,0,0,0,0,0x0
#WINDOW,2973552028,0,0,1000,0,0,0,0,0x0
2973552064,5424,5426,8,0x00,0,,,,103824,412,,,rx
2973552496,5424,5426,8,0x00,0,,,,104076,413,,,rx
2973552929,5424,5426,8,0x00,0,,,,104328,414,,,rx
#WINDOW,2973553029,0,0,1000,0,0,0,0,0x0
2973553361,5424,5426,8,0x00,0,,,,104580,415,,,rx
2973553793,5424,5426,8,0x00,0,,,,104832,416,,,rx
#WINDOW,2973554094,0,0,1000,0,0,0,0,0x0
2973554226,5424,5426,8,0x00,0,,,,105084,417,,,rx
2973554658,5424,5426,8,0x00,0,,,,105336,418,,,rx
2973555091,5424,5426,8,0x00,0,,,,105588,419,,,rx
#WINDOW,2973555191,0,0,1000,0,0,0,0,0x0
2973555523,5424,5426,8,0x00,0,,,,105840,420,,,rx
2973555955,5424,5426,8,0x00,0,,,,106092,421,,,rx
#WINDOW,2973556256,0,0,1000,0,0,0,0,0x0
2973556387,5424,5426,8,0x00,0,,,,106344,422,,,rx
2973556820,5424,5426,8,0x00,0,,,,106596,423,,,rx
#WINDOW,2973557321,0,0,1000,0,0,0,0,0x0
#WINDOW,2973558322,0,0,1000,0,0,0,0,0x0
#WINDOW,2973559324,0,0,1000,0,0,0,0,0x0
#WINDOW,2973560326,0,0,1000,0,0,0,0,0x0
2973560667,5424,5426,8,0x00,0,,,,108864,432,,,rx
2973561099,5424,5426,8,0x00,0,,,,109116,433,,,rx
#WINDOW,2973561400,0,0,1000,0,0,0,0,0x0
2973561532,5424,5426,8,0x00,0,,,,109368,434,,,rx
2973561964,5424,5426,8,0x00,0,,,,109620,435,,,rx
2973562396,5424,5426,8,0x00,0,,,,109872,436,,,rx
#WINDOW,2973562496,0,0,1000,0,0,0,0,0x0
2973562829,5424,5426,8,0x00,0,,,,110124,437,,,rx
2973563261,5424,5426,8,0x00,0,,,,110376,438,,,rx
#WINDOW,2973563561,0,0,1000,0,0,0,0,0x0
2973564120,5424,5426,8,0x00,0,,,,110880,440,,,rx
2973564552,5424,5426,8,0x00,0,,,,111132,441,,,rx
#WINDOW,2973564653,0,0,1000,0,0,0,0,0x0
2973564985,5424,5426,8,0x00,0,,,,111384,442,,,rx
2973565417,5424,5426,8,0x00,0,,,,111636,443,,,rx
#WINDOW,2973565717,0,0,1000,0,0,0,0,0x0
2973565849,5424,5426,8,0x00,0,,,,111888,444,,,rx
2973566282,5424,5426,8,0x00,0,,,,112140,445,,,rx
2973566714,5424,5426,8,0x00,0,,,,112392,446,,,rx
#WINDOW,2973566814,0,0,1000,0,0,0,0,0x0
2973567146,5424,5426,8,0x00,0,,,,112644,447,,,rx
2973567579,5424,5426,8,0x00,0,,,,112896,448,,,rx
#WINDOW,2973567879,0,0,1000,0,0,0,0,0x0
2973568011,5424,5426,8,0x00,0,,,,113148,449,,,rx
2973568443,5424,5426,8,0x00,0,,,,113400,450,,,rx
2973568875,5424,5426,8,0x00,0,,,,113652,451,,,rx
#WINDOW,2973568975,0,0,1000,0,0,0,0,0x0
2973569308,5424,5426,8,0x00,0,,,,113904,452,,,rx
2973569740,5424,5426,8,0x00,0,,,,114156,453,,,rx
#WINDOW,2973570041,0,0,1000,0,0,0,0,0x0
2973570172,5424,5426,8,0x00,0,,,,114408,454,,,rx
2973570604,5424,5426,8,0x00,0,,,,114660,455,,,rx
2973571037,5424,5426,8,0x00,0,,,,114912,456,,,rx
#WINDOW,2973571137,0,0,1000,0,0,0,0,0x0
2973571469,5424,5426,8,0x00,0,,,,115164,457,,,rx
2973571901,5424,5426,8,0x00,0,,,,115416,458,,,rx
#WINDOW,2973572202,0,0,1000,0,0,0,0,0x0
2973572334,5424,5426,8,0x00,0,,,,115668,459,,,rx
2973572766,5424,5426,8,0x00,0,,,,115920,460,,,rx
#WINDOW,2973573267,0,0,1000,0,0,0,0,0x0
2973574052,5424,5426,8,0x00,0,,,,116676,463,,,rx
#WINDOW,2973574353,0,0,1000,0,0,0,0,0x0
2973574485,5424,5426,8,0x00,0,,,,116928,464,,,rx
2973574917,5424,5426,8,0x00,0,,,,117180,465,,,rx
2973575349,5424,5426,8,0x00,0,,,,117432,466,,,rx
#WINDOW,2973575449,0,0,1000,0,0,0,0,0x0
2973575782,5424,5426,8,0x00,0,,,,117684,467,,,rx
2973576214,5424,5426,8,0x00,0,,,,117936,468,,,rx
#WINDOW,2973576514,0,0,1000,0,0,0,0,0x0
2973577500,5424,5426,8,0x00,0,,,,118692,471,,,rx
#WINDOW,2973577600,0,0,1000,0,0,0,0,0x0
2973577932,5424,5426,8,0x00,0,,,,118944,472,,,rx
2973578365,5424,5426,8,0x00,0,,,,119196,473,,,rx
#WINDOW,2973578665,0,0,1000,0,0,0,0,0x0
2973578797,5424,5426,8,0x00,0,,,,119448,474,,,rx
#WINDOW,2973579698,0,0,1000,0,0,0,0,0x0
#WINDOW,2973580700,0,0,1000,0,0,0,0,0x0
#WINDOW,2973581702,0,0,1000,0,0,0,0,0x0
#WINDOW,2973582703,0,0,1000,0,0,0,0,0x0
2973583498,5424,5426,8,0x00,0,,,,122220,485,,,rx
#WINDOW,2973583799,0,0,1000,0,0,0,0,0x0
2973583930,5424,5426,8,0x00,0,,,,122472,486,,,rx
#WINDOW,2973584832,0,0,1000,0,0,0,0,0x0
2973585643,5424,5426,8,0x00,0,,,,123480,490,,,rx
#WINDOW,2973585844,0,0,1000,0,0,0,0,0x0
#WINDOW,2973586845,0,0,1000,0,0,0,0,0x0
2973586929,5424,5426,8,0x00,0,,,,124236,493,,,rx
2973587362,5424,5426,8,0x00,0,,,,124488,494,,,rx
2973587793,5424,5426,8,0x00,0,,,,124740,495,,,rx
#WINDOW,2973587894,0,0,1000,0,0,0,0,0x0
2973588226,5424,5426,8,0x00,0,,,,124992,496,,,rx
2973588658,5424,5426,8,0x00,0,,,,125244,497,,,rx
#WINDOW,2973588958,0,0,1000,0,0,0,0,0x0
2973589090,5424,5426,8,0x00,0,,,,125496,498,,,rx
2973589523,5424,5426,8,0x00,0,,,,125748,499,,,rx
#WINDOW,2973590024,0,0,1000,0,0,0,0,0x0
#WINDOW,2973591025,0,0,1000,0,0,0,0,0x0
2973591236,5424,5426,8,0x00,0,,,,126756,503,,,rx
2973591668,5424,5426,8,0x00,0,,,,127008,504,,,rx
#WINDOW,2973592069,0,0,1000,0,0,0,0,0x0
#WINDOW,2973593070,0,0,1000,0,0,0,0,0x0
2973593808,5424,5426,8,0x00,0,,,,128268,509,,,rx
#WINDOW,2973594108,0,0,1000,0,0,0,0,0x0
#WINDOW,2973595110,0,0,1000,0,0,0,0,0x0
#WINDOW,2973596112,0,0,1000,0,0,0,0,0x0
#WINDOW,2973597113,0,0,1000,0,0,0,0,0x0
#WINDOW,2973598115,0,0,1000,0,0,0,0,0x0
#WINDOW,2973599117,0,0,1000,0,0,0,0,0x0
#WINDOW,2973600119,0,0,1000,0,0,0,0,0x0
2973600643,5424,5426,8,0x00,0,,,,132300,525,,,rx
#WINDOW,2973601144,0,0,1000,0,0,0,0,0x0
#WINDOW,2973602146,0,0,1000,0,0,0,0,0x0
#WINDOW,2973603147,0,0,1000,0,0,0,0,0x0
2973603210,5424,5426,8,0x00,0,,,,133812,531,,,rx
2973603642,5424,5426,8,0x00,0,,,,134064,532,,,rx
2973604075,5424,5426,8,0x00,0,,,,134316,533,,,rx
#WINDOW,2973604175,0,0,1000,0,0,0,0,0x0
2973604507,5424,5426,8,0x00,0,,,,134568,534,,,rx
2973604939,5424,5426,8,0x00,0,,,,134820,535,,,rx
#WINDOW,2973605240,0,0,1000,0,0,0,0,0x0
2973605372,5424,5426,8,0x00,0,,,,135072,536,,,rx
2973605804,5424,5426,8,0x00,0,,,,135324,537,,,rx
#WINDOW,2973606305,0,0,1000,0,0,0,0,0x0
#WINDOW,2973607307,0,0,1000,0,0,0,0,0x0
#WINDOW,2973608308,0,0,1000,0,0,0,0,0x0
#WINDOW,2973609310,0,0,1000,0,0,0,0,0x0
#WINDOW,2973610311,0,0,1000,0,0,0,0,0x0
#WINDOW,2973611313,0,0,1000,0,0,0,0,0x0
#WINDOW,2973612315,0,0,1000,0,0,0,0,0x0
#WINDOW,2973613317,0,0,1000,0,0,0,0,0x0
2973613494,5424,5426,8,0x00,0,,,,139860,555,,,rx
2973613926,5424,5426,8,0x00,0,,,,140112,556,,,rx
#WINDOW,2973614327,0,0,1000,0,0,0,0,0x0
2973614358,5424,5426,8,0x00,0,,,,140364,557,,,rx
2973614790,5424,5426,8,0x00,0,,,,140616,558,,,rx
2973615223,5424,5426,8,0x00,0,,,,140868,559,,,rx
#WINDOW,2973615423,0,0,1000,0,0,0,0,0x0
2973615655,5424,5426,8,0x00,0,,,,141120,560,,,rx
2973616088,5424,5426,8,0x00,0,,,,141372,561,,,rx
#WINDOW,2973616488,0,0,1000,0,0,0,0,0x0
2973616520,5424,5426,8,0x00,0,,,,141624,562,,,rx
2973616952,5424,5426,8,0x00,0,,,,141876,563,,,rx
2973617384,5424,5426,8,0x00,0,,,,142128,564,,,rx
#WINDOW,2973617585,0,0,1000,0,0,0,0,0x0
2973617817,5424,5426,8,0x00,0,,,,142380,565,,,rx
2973618249,5424,5426,8,0x00,0,,,,142632,566,,,rx
#WINDOW,2973618650,0,0,1000,0,0,0,0,0x0
2973618681,5424,5426,8,0x00,0,,,,142884,567,,,rx
2973619114,5424,5426,8,0x00,0,,,,143136,568,,,rx
2973619546,5424,5426,8,0x00,0,,,,143388,569,,,rx
#WINDOW,2973619746,0,0,1000,0,0,0,0,0x0
2973619978,5424,5426,8,0x00,0,,,,143640,570,,,rx
#WINDOW,2973620779,0,0,1000,0,0,0,0,0x0
#WINDOW,2973621781,0,0,1000,0,0,0,0,0x0
#WINDOW,2973622783,0,0,1000,0,0,0,0,0x0
#WINDOW,2973623784,0,0,1000,0,0,0,0,0x0
2973624252,5424,5426,8,0x00,0,,,,146160,580,,,rx
2973624685,5424,5426,8,0x00,0,,,,146412,581,,,rx
#WINDOW,2973624785,0,0,1000,0,0,0,0,0x0
2973625117,5424,5426,8,0x00,0,,,,146664,582,,,rx
2973625549,5424,5426,8,0x00,0,,,,146916,583,,,rx
#WINDOW,2973625850,0,0,1000,0,0,0,0,0x0
2973625982,5424,5426,8,0x00,0,,,,147168,584,,,rx
#WINDOW,2973626883,0,0,1000,0,0,0,0,0x0
#WINDOW,2973627885,0,0,1000,0,0,0,0,0x0
#WINDOW,2973628887,0,0,1000,0,0,0,0,0x0
2973629402,5424,5426,8,0x00,0,,,,149184,592,,,rx
2973629835,5424,5426,8,0x00,0,,,,149436,593,,,rx
#WINDOW,2973629935,0,0,1000,0,0,0,0,0x0
2973630267,5424,5426,8,0x00,0,,,,149688,594,,,rx
2973630699,5424,5426,8,0x00,0,,,,149940,595,,,rx
#WINDOW,2973630999,0,0,1000,0,0,0,0,0x0
2973631131,5424,5426,8,0x00,0,,,,150192,596,,,rx
2973631564,5424,5426,8,0x00,0,,,,150444,597,,,rx
2973631996,5424,5426,8,0x00,0,,,,150696,598,,,rx
#WINDOW,2973632096,0,0,1000,0,0,0,0,0x0
2973632428,5424,5426,8,0x00,0,,,,150948,599,,,rx
2973632860,5424,5426,8,0x00,0,,,,151200,600,,,rx
#WINDOW,2973633161,0,0,1000,0,0,0,0,0x0
2973633293,5424,5426,8,0x00,0,,,,151452,601,,,rx
2973633725,5424,5426,8,0x00,0,,,,151704,602,,,rx
2973634157,5424,5426,8,0x00,0,,,,151956,603,,,rx
#WINDOW,2973634257,0,0,1000,0,0,0,0,0x0
2973634590,5424,5426,8,0x00,0,,,,152208,604,,,rx
#WINDOW,2973635291,0,0,1000,0,0,0,0,0x0
2973635449,5424,5426,8,0x00,0,,,,152712,606,,,rx
2973635881,5424,5426,8,0x00,0,,,,152964,607,,,rx
2973636314,5424,5426,8,0x00,0,,,,153216,608,,,rx
#WINDOW,2973636314,0,0,1000,0,0,0,0,0x0
2973636746,5424,5426,8,0x00,0,,,,153468,609,,,rx
2973637178,5424,5426,8,0x00,0,,,,153720,610,,,rx
#WINDOW,2973637379,0,0,1000,0,0,0,0,0x0
2973637611,5424,5426,8,0x00,0,,,,153972,611,,,rx
2973638043,5424,5426,8,0x00,0,,,,154224,612,,,rx
#WINDOW,2973638444,0,0,1000,0,0,0,0,0x0
2973638475,5424,5426,8,0x00,0,,,,154476,613,,,rx
2973638907,5424,5426,8,0x00,0,,,,154728,614,,,rx
2973639340,5424,5426,8,0x00,0,,,,154980,615,,,rx
#WINDOW,2973639540,0,0,1000,0,0,0,0,0x0
2973639772,5424,5426,8,0x00,0,,,,155232,616,,,rx
2973640204,5424,5426,8,0x00,0,,,,155484,617,,,rx
#WINDOW,2973640605,0,0,1000,0,0,0,0,0x0
2973640636,5424,5426,8,0x00,0,,,,155736,618,,,rx
2973641069,5424,5426,8,0x00,0,,,,155988,619,,,rx
2973641501,5424,5426,8,0x00,0,,,,156240,620,,,rx
#WINDOW,2973641702,0,0,1000,0,0,0,0,0x0
2973641934,5424,5426,8,0x00,0,,,,156492,621,,,rx
2973642366,5424,5426,8,0x00,0,,,,156744,622,,,rx
#WINDOW,2973642766,0,0,1000,0,0,0,0,0x0
2973642798,5424,5426,8,0x00,0,,,,156996,623,,,rx
2973643230,5424,5426,8,0x00,0,,,,157248,624,,,rx
2973643663,5424,5426,8,0x00,0,,,,157500,625,,,rx
#WINDOW,2973643863,0,0,1000,0,0,0,0,0x0
2973644095,5424,5426,8,0x00,0,,,,157752,626,,,rx
2973644527,5424,5426,8,0x00,0,,,,158004,627,,,rx
#WINDOW,2973644928,0,0,1000,0,0,0,0,0x0
2973644960,5424,5426,8,0x00,0,,,,158256,628,,,rx
2973645392,5424,5426,8,0x00,0,,,,158508,629,,,rx
#WINDOW,2973645993,0,0,1000,0,0,0,0,0x0
2973646678,5424,5426,8,0x00,0,,,,159264,632,,,rx
#WINDOW,2973647079,0,0,1000,0,0,0,0,0x0
2973647537,5424,5426,8,0x00,0,,,,159768,634,,,rx
#WINDOW,2973648138,0,0,1000,0,0,0,0,0x0
#WINDOW,2973649140,0,0,1000,0,0,0,0,0x0
2973650104,5424,5426,8,0x00,0,,,,161280,640,,,rx
#WINDOW,2973650204,0,0,1000,0,0,0,0,0x0
2973650536,5424,5426,8,0x00,0,,,,161532,641,,,rx
2973650969,5424,5426,8,0x00,0,,,,161784,642,,,rx
#WINDOW,2973651269,0,0,1000,0,0,0,0,0x0
2973651828,5424,5426,8,0x00,0,,,,162288,644,,,rx
#WINDOW,2973652329,0,0,1000,0,0,0,0,0x0
#WINDOW,2973653330,0,0,1000,0,0,0,0,0x0
#WINDOW,2973654332,0,0,1000,0,0,0,0,0x0
2973654395,5424,5426,8,0x00,0,,,,163800,650,,,rx
2973654827,5424,5426,8,0x00,0,,,,164052,651,,,rx
2973655259,5424,5426,8,0x00,0,,,,164304,652,,,rx
#WINDOW,2973655359,0,0,1000,0,0,0,0,0x0
2973655692,5424,5426,8,0x00,0,,,,164556,653,,,rx
2973656124,5424,5426,8,0x00,0,,,,164808,654,,,rx
#WINDOW,2973656425,0,0,1000,0,0,0,0,0x0
2973656556,5424,5426,8,0x00,0,,,,165060,655,,,rx
2973656989,5424,5426,8,0x00,0,,,,165312,656,,,rx
2973657421,5424,5426,8,0x00,0,,,,165564,657,,,rx
#WINDOW,2973657521,0,0,1000,0,0,0,0,0x0
#WINDOW,2973658523,0,0,1000,0,0,0,0,0x0
#WINDOW,2973659525,0,0,1000,0,0,0,0,0x0
2973660415,5424,5426,8,0x00,0,,,,167328,664,,,rx
#WINDOW,2973660615,0,0,1000,0,0,0,0,0x0
2973660847,5424,5426,8,0x00,0,,,,167580,665,,,rx
2973661279,5424,5426,8,0x00,0,,,,167832,666,,,rx
#WINDOW,2973661680,0,0,1000,0,0,0,0,0x0
2973661711,5424,5426,8,0x00,0,,,,168084,667,,,rx
2973662144,5424,5426,8,0x00,0,,,,168336,668,,,rx
#WINDOW,2973662745,0,0,1000,0,0,0,0,0x0
#WINDOW,2973663746,0,0,1000,0,0,0,0,0x0
#WINDOW,2973664748,0,0,1000,0,0,0,0,0x0
#WINDOW,2973665750,0,0,1000,0,0,0,0,0x0
2973666418,5424,5426,8,0x00,0,,,,170856,678,,,rx
#WINDOW,2973666819,0,0,1000,0,0,0,0,0x0
2973666850,5424,5426,8,0x00,0,,,,171108,679,,,rx
2973667283,5424,5426,8,0x00,0,,,,171360,680,,,rx
2973667715,5424,5426,8,0x00,0,,,,171612,681,,,rx
#WINDOW,2973667915,0,0,1000,0,0,0,0,0x0
2973668147,5424,5426,8,0x00,0,,,,171864,682,,,rx
2973668580,5424,5426,8,0x00,0,,,,172116,683,,,rx
#WINDOW,2973668980,0,0,1000,0,0,0,0,0x0
2973669012,5424,5426,8,0x00,0,,,,172368,684,,,rx
2973669444,5424,5426,8,0x00,0,,,,172620,685,,,rx
2973669876,5424,5426,8,0x00,0,,,,172872,686,,,rx
#WINDOW,2973670076,0,0,1000,0,0,0,0,0x0
2973670308,5424,5426,8,0x00,0,,,,173124,687,,,rx
2973670741,5424,5426,8,0x00,0,,,,173376,688,,,rx
#WINDOW,2973671141,0,0,1000,0,0,0,0,0x0
2973671173,5424,5426,8,0x00,0,,,,173628,689,,,rx
2973671605,5424,5426,8,0x00,0,,,,173880,690,,,rx
2973672038,5424,5426,8,0x00,0,,,,174132,691,,,rx
#WINDOW,2973672238,0,0,1000,0,0,0,0,0x0
2973672470,5424,5426,8,0x00,0,,,,174384,692,,,rx
#WINDOW,2973673271,0,0,1000,0,0,0,0,0x0
#WINDOW,2973674273,0,0,1000,0,0,0,0,0x0
#WINDOW,2973675275,0,0,1000,0,0,0,0,0x0
#WINDOW,2973676277,0,0,1000,0,0,0,0,0x0
2973676744,5424,5426,8,0x00,0,,,,176904,702,,,rx
2973677177,5424,5426,8,0x00,0,,,,177156,703,,,rx
#WINDOW,2973677277,0,0,1000,0,0,0,0,0x0
#WINDOW,2973678279,0,0,1000,0,0,0,0,0x0
#WINDOW,2973679280,0,0,1000,0,0,0,0,0x0
#WINDOW,2973680282,0,0,1000,0,0,0,0,0x0
#WINDOW,2973681284,0,0,1000,0,0,0,0,0x0
2973681451,5424,5426,8,0x00,0,,,,179676,713,,,rx
2973681883,5424,5426,8,0x00,0,,,,179928,714,,,rx
#WINDOW,2973682284,0,0,1000,0,0,0,0,0x0
2973682315,5424,5426,8,0x00,0,,,,180180,715,,,rx
2973682748,5424,5426,8,0x00,0,,,,180432,716,,,rx
2973683180,5424,5426,8,0x00,0,,,,180684,717,,,rx
#WINDOW,2973683380,0,0,1000,0,0,0,0,0x0
2973683612,5424,5426,8,0x00,0,,,,180936,718,,,rx
2973684045,5424,5426,8,0x00,0,,,,181188,719,,,rx
#WINDOW,2973684445,0,0,1000,0,0,0,0,0x0
#WINDOW,2973685447,0,0,1000,0,0,0,0,0x0
#WINDOW,2973686449,0,0,1000,0,0,0,0,0x0
#WINDOW,2973687451,0,0,1000,0,0,0,0,0x0
2973687892,5424,5426,8,0x00,0,,,,183204,727,,,rx
2973688324,5424,5426,8,0x00,0,,,,183456,728,,,rx
#WINDOW,2973688525,0,0,1000,0,0,0,0,0x0
2973689183,5424,5426,8,0x00,0,,,,183960,730,,,rx
#WINDOW,2973689584,0,0,1000,0,0,0,0,0x0
2973689616,5424,5426,8,0x00,0,,,,184212,731,,,rx
2973690048,5424,5426,8,0x00,0,,,,184464,732,,,rx
2973690480,5424,5426,8,0x00,0,,,,184716,733,,,rx
#WINDOW,2973690681,0,0,1000,0,0,0,0,0x0
2973690912,5424,5426,8,0x00,0,,,,184968,734,,,rx
2973691345,5424,5426,8,0x00,0,,,,185220,735,,,rx
#WINDOW,2973691745,0,0,1000,0,0,0,0,0x0
2973691777,5424,5426,8,0x00,0,,,,185472,736,,,rx
2973692209,5424,5426,8,0x00,0,,,,185724,737,,,rx
2973692642,5424,5426,8,0x00,0,,,,185976,738,,,rx
#WINDOW,2973692842,0,0,1000,0,0,0,0,0x0
2973693074,5424,5426,8,0x00,0,,,,186228,739,,,rx
2973693506,5424,5426,8,0x00,0,,,,186480,740,,,rx
#WINDOW,2973693907,0,0,1000,0,0,0,0,0x0
2973693939,5424,5426,8,0x00,0,,,,186732,741,,,rx
2973694371,5424,5426,8,0x00,0,,,,186984,742,,,rx
2973694803,5424,5426,8,0x00,0,,,,187236,743,,,rx
#WINDOW,2973695004,0,0,1000,0,0,0,0,0x0
2973695236,5424,5426,8,0x00,0,,,,187488,744,,,rx
2973695668,5424,5426,8,0x00,0,,,,187740,745,,,rx
#WINDOW,2973696069,0,0,1000,0,0,0,0,0x0
2973696100,5424,5426,8,0x00,0,,,,187992,746,,,rx
2973696533,5424,5426,8,0x00,0,,,,188244,747,,,rx
2973696965,5424,5426,8,0x00,0,,,,188496,748,,,rx
#WINDOW,2973697165,0,0,1000,0,0,0,0,0x0
2973697397,5424,5426,8,0x00,0,,,,188748,749,,,rx
2973697830,5424,5426,8,0x00,0,,,,189000,750,,,rx
#WINDOW,2973698230,0,0,1000,0,0,0,0,0x0
2973698262,5424,5426,8,0x00,0,,,,189252,751,,,rx
2973698694,5424,5426,8,0x00,0,,,,189504,752,,,rx
2973699126,5424,5426,8,0x00,0,,,,189756,753,,,rx
#WINDOW,2973699327,0,0,1000,0,0,0,0,0x0
2973699559,5424,5426,8,0x00,0,,,,190008,754,,,rx
2973699991,5424,5426,8,0x00,0,,,,190260,755,,,rx
#WINDOW,2973700392,0,0,1000,0,0,0,0,0x0
#WINDOW,2973701393,0,0,1000,0,0,0,0,0x0
2973701704,5424,5426,8,0x00,0,,,,191268,759,,,rx
2973702136,5424,5426,8,0x00,0,,,,191520,760,,,rx
#WINDOW,2973702437,0,0,1000,0,0,0,0,0x0
2973702568,5424,5426,8,0x00,0,,,,191772,761,,,rx
2973703000,5424,5426,8,0x00,0,,,,192024,762,,,rx
#WINDOW,2973703501,0,0,1000,0,0,0,0,0x0
#WINDOW,2973704503,0,0,1000,0,0,0,0,0x0
#WINDOW,2973705505,0,0,1000,0,0,0,0,0x0
2973705567,5424,5426,8,0x00,0,,,,193536,768,,,rx
2973706000,5424,5426,8,0x00,0,,,,193788,769,,,rx
2973706432,5424,5426,8,0x00,0,,,,194040,770,,,rx
#WINDOW,2973706532,0,0,1000,0,0,0,0,0x0
2973706864,5424,5426,8,0x00,0,,,,194292,771,,,rx
2973707297,5424,5426,8,0x00,0,,,,194544,772,,,rx
#WINDOW,2973707597,0,0,1000,0,0,0,0,0x0
2973707729,5424,5426,8,0x00,0,,,,194796,773,,,rx
2973708161,5424,5426,8,0x00,0,,,,195048,774,,,rx
2973708594,5424,5426,8,0x00,0,,,,195300,775,,,rx
#WINDOW,2973708694,0,0,1000,0,0,0,0,0x0
2973709026,5424,5426,8,0x00,0,,,,195552,776,,,rx
2973709458,5424,5426,8,0x00,0,,,,195804,777,,,rx
#WINDOW,2973709759,0,0,1000,0,0,0,0,0x0
2973709890,5424,5426,8,0x00,0,,,,196056,778,,,rx
2973710323,5424,5426,8,0x00,0,,,,196308,779,,,rx
2973710755,5424,5426,8,0x00,0,,,,196560,780,,,rx
#WINDOW,2973710855,0,0,1000,0,0,0,0,0x0
2973711187,5424,5426,8,0x00,0,,,,196812,781,,,rx
2973711619,5424,5426,8,0x00,0,,,,197064,782,,,rx
#WINDOW,2973711920,0,0,1000,0,0,0,0,0x0
2973712052,5424,5426,8,0x00,0,,,,197316,783,,,rx
2973712484,5424,5426,8,0x00,0,,,,197568,784,,,rx
2973712916,5424,5426,8,0x00,0,,,,197820,785,,,rx
#WINDOW,2973713016,0,0,1000,0,0,0,0,0x0
#WINDOW,2973714018,0,0,1000,0,0,0,0,0x0
#WINDOW,2973715020,0,0,1000,0,0,0,0,0x0
2973715483,5424,5426,8,0x00,0,,,,199332,791,,,rx
2973715915,5424,5426,8,0x00,0,,,,199584,792,,,rx
#WINDOW,2973716116,0,0,1000,0,0,0,0,0x0
2973716348,5424,5426,8,0x00,0,,,,199836,793,,,rx
2973716780,5424,5426,8,0x00,0,,,,200088,794,,,rx
#WINDOW,2973717181,0,0,1000,0,0,0,0,0x0
2973717212,5424,5426,8,0x00,0,,,,200340,795,,,rx
2973717645,5424,5426,8,0x00,0,,,,200592,796,,,rx
2973718077,5424,5426,8,0x00,0,,,,200844,797,,,rx
#WINDOW,2973718277,0,0,1000,0,0,0,0,0x0
#WINDOW,2973719279,0,0,1000,0,0,0,0,0x0
#WINDOW,2973720281,0,0,1000,0,0,0,0,0x0
#WINDOW,2973721282,0,0,1000,0,0,0,0,0x0
#WINDOW,2973722284,0,0,1000,0,0,0,0,0x0
#WINDOW,2973723286,0,0,1000,0,0,0,0,0x0
#WINDOW,2973724287,0,0,1000,0,0,0,0,0x0
#WINDOW,2973725289,0,0,1000,0,0,0,0,0x0
2973725340,5424,5426,8,0x00,0,,,,205128,814,,,rx
2973725772,5424,5426,8,0x00,0,,,,205380,815,,,rx
2973726204,5424,5426,8,0x00,0,,,,205632,816,,,rx
#WINDOW,2973726304,0,0,1000,0,0,0,0,0x0
2973726636,5424,5426,8,0x00,0,,,,205884,817,,,rx
#WINDOW,2973727338,0,0,1000,0,0,0,0,0x0
#WINDOW,2973728339,0,0,1000,0,0,0,0,0x0
#WINDOW,2973729341,0,0,1000,0,0,0,0,0x0
2973730057,5424,5426,8,0x00,0,,,,207900,825,,,rx
#WINDOW,2973730358,0,0,1000,0,0,0,0,0x0
2973730489,5424,5426,8,0x00,0,,,,208152,826,,,rx
2973730922,5424,5426,8,0x00,0,,,,208404,827,,,rx
2973731354,5424,5426,8,0x00,0,,,,208656,828,,,rx
#WINDOW,2973731454,0,0,1000,0,0,0,0,0x0
2973731786,5424,5426,8,0x00,0,,,,208908,829,,,rx
2973732218,5424,5426,8,0x00,0,,,,209160,830,,,rx
#WINDOW,2973732519,0,0,1000,0,0,0,0,0x0
#WINDOW,2973733521,0,0,1000,0,0,0,0,0x0
#WINDOW,2973734523,0,0,1000,0,0,0,0,0x0
2973734785,5424,5426,8,0x00,0,,,,210672,836,,,rx
2973735218,5424,5426,8,0x00,0,,,,210924,837,,,rx
#WINDOW,2973735618,0,0,1000,0,0,0,0,0x0
2973735650,5424,5426,8,0x00,0,,,,211176,838,,,rx
2973736082,5424,5426,8,0x00,0,,,,211428,839,,,rx
2973736514,5424,5426,8,0x00,0,,,,211680,840,,,rx
#WINDOW,2973736715,0,0,1000,0,0,0,0,0x0
2973736947,5424,5426,8,0x00,0,,,,211932,841,,,rx
2973737379,5424,5426,8,0x00,0,,,,212184,842,,,rx
#WINDOW,2973737780,0,0,1000,0,0,0,0,0x0
2973737811,5424,5426,8,0x00,0,,,,212436,843,,,rx
2973738244,5424,5426,8,0x00,0,,,,212688,844,,,rx
#WINDOW,2973738844,0,0,1000,0,0,0,0,0x0
2973739530,5424,5426,8,0x00,0,,,,213444,847,,,rx
#WINDOW,2973739930,0,0,1000,0,0,0,0,0x0
2973739962,5424,5426,8,0x00,0,,,,213696,848,,,rx
2973740394,5424,5426,8,0x00,0,,,,213948,849,,,rx
2973740827,5424,5426,8,0x00,0,,,,214200,850,,,rx
#WINDOW,2973741027,0,0,1000,0,0,0,0,0x0
2973741259,5424,5426,8,0x00,0,,,,214452,851,,,rx
#WINDOW,2973742060,0,0,1000,0,0,0,0,0x0
2973742545,5424,5426,8,0x00,0,,,,215208,854,,,rx
2973742978,5424,5426,8,0x00,0,,,,215460,855,,,rx
#WINDOW,2973743078,0,0,1000,0,0,0,0,0x0
#WINDOW,2973744079,0,0,1000,0,0,0,0,0x0
2973744690,5424,5426,8,0x00,0,,,,216468,859,,,rx
#WINDOW,2973745091,0,0,1000,0,0,0,0,0x0
2973745123,5424,5426,8,0x00,0,,,,216720,860,,,rx
2973745555,5424,5426,8,0x00,0,,,,216972,861,,,rx
2973745987,5424,5426,8,0x00,0,,,,217224,862,,,rx
#WINDOW,2973746188,0,0,1000,0,0,0,0,0x0
#WINDOW,2973747189,0,0,1000,0,0,0,0,0x0
2973747274,5424,5426,8,0x00,0,,,,217980,865,,,rx
2973747706,5424,5426,8,0x00,0,,,,218232,866,,,rx
2973748138,5424,5426,8,0x00,0,,,,218484,867,,,rx
#WINDOW,2973748238,0,0,1000,0,0,0,0,0x0
2973748570,5424,5426,8,0x00,0,,,,218736,868,,,rx
2973749002,5424,5426,8,0x00,0,,,,218988,869,,,rx
#WINDOW,2973749303,0,0,1000,0,0,0,0,0x0
2973749435,5424,5426,8,0x00,0,,,,219240,870,,,rx
2973749867,5424,5426,8,0x00,0,,,,219492,871,,,rx
2973750299,5424,5426,8,0x00,0,,,,219744,872,,,rx
#WINDOW,2973750400,0,0,1000,0,0,0,0,0x0
2973751159,5424,5426,8,0x00,0,,,,220248,874,,,rx
#WINDOW,2973751459,0,0,1000,0,0,0,0,0x0
2973751591,5424,5426,8,0x00,0,,,,220500,875,,,rx
2973752023,5424,5426,8,0x00,0,,,,220752,876,,,rx
2973752456,5424,5426,8,0x00,0,,,,221004,877,,,rx
#WINDOW,2973752556,0,0,1000,0,0,0,0,0x0
2973752888,5424,5426,8,0x00,0,,,,221256,878,,,rx
2973753320,5424,5426,8,0x00,0,,,,221508,879,,,rx
#WINDOW,2973753621,0,0,1000,0,0,0,0,0x0
2973753753,5424,5426,8,0x00,0,,,,221760,880,,,rx
2973754185,5424,5426,8,0x00,0,,,,222012,881,,,rx
2973754617,5424,5426,8,0x00,0,,,,222264,882,,,rx
#WINDOW,2973754717,0,0,1000,0,0,0,0,0x0
2973755049,5424,5426,8,0x00,0,,,,222516,883,,,rx
2973755482,5424,5426,8,0x00,0,,,,222768,884,,,rx
#WINDOW,2973755782,0,0,1000,0,0,0,0,0x0
2973755914,5424,5426,8,0x00,0,,,,223020,885,,,rx
#WINDOW,2973756816,0,0,1000,0,0,0,0,0x0
2973757200,5424,5426,8,0x00,0,,,,223776,888,,,rx
2973757633,5424,5426,8,0x00,0,,,,224028,889,,,rx
#WINDOW,2973757833,0,0,1000,0,0,0,0,0x0
2973758065,5424,5426,8,0x00,0,,,,224280,890,,,rx
2973758497,5424,5426,8,0x00,0,,,,224532,891,,,rx
#WINDOW,2973758898,0,0,1000,0,0,0,0,0x0
2973758930,5424,5426,8,0x00,0,,,,224784,892,,,rx
2973759362,5424,5426,8,0x00,0,,,,225036,893,,,rx
2973759794,5424,5426,8,0x00,0,,,,225288,894,,,rx
#WINDOW,2973759994,0,0,1000,0,0,0,0,0x0
2973760226,5424,5426,8,0x00,0,,,,225540,895,,,rx
2973760659,5424,5426,8,0x00,0,,,,225792,896,,,rx
#WINDOW,2973761059,0,0,1000,0,0,0,0,0x0
2973761091,5424,5426,8,0x00,0,,,,226044,897,,,rx
2973761523,5424,5426,8,0x00,0,,,,226296,898,,,rx
2973761956,5424,5426,8,0x00,0,,,,226548,899,,,rx
#WINDOW,2973762156,0,0,1000,0,0,0,0,0x0
2973762388,5424,5426,8,0x00,0,,,,226800,900,,,rx
2973762820,5424,5426,8,0x00,0,,,,227052,901,,,rx
#WINDOW,2973763221,0,0,1000,0,0,0,0,0x0
2973763253,5424,5426,8,0x00,0,,,,227304,902,,,rx
2973763685,5424,5426,8,0x00,0,,,,227556,903,,,rx
#WINDOW,2973764286,0,0,1000,0,0,0,0,0x0
#WINDOW,2973765288,0,0,1000,0,0,0,0,0x0
#WINDOW,2973766290,0,0,1000,0,0,0,0,0x0
2973766679,5424,5426,8,0x00,0,,,,229320,910,,,rx
2973767111,5424,5426,8,0x00,0,,,,229572,911,,,rx
#WINDOW,2973767311,0,0,1000,0,0,0,0,0x0
2973767543,5424,5426,8,0x00,0,,,,229824,912,,,rx
2973767976,5424,5426,8,0x00,0,,,,230076,913,,,rx
#WINDOW,2973768376,0,0,1000,0,0,0,0,0x0
2973768408,5424,5426,8,0x00,0,,,,230328,914,,,rx
2973768840,5424,5426,8,0x00,0,,,,230580,915,,,rx
2973769272,5424,5426,8,0x00,0,,,,230832,916,,,rx
#WINDOW,2973769473,0,0,1000,0,0,0,0,0x0
2973769705,5424,5426,8,0x00,0,,,,231084,917,,,rx
2973770137,5424,5426,8,0x00,0,,,,231336,918,,,rx
#WINDOW,2973770538,0,0,1000,0,0,0,0,0x0
2973770569,5424,5426,8,0x00,0,,,,231588,919,,,rx
2973771002,5424,5426,8,0x00,0,,,,231840,920,,,rx
2973771434,5424,5426,8,0x00,0,,,,232092,921,,,rx
#WINDOW,2973771634,0,0,1000,0,0,0,0,0x0
2973771866,5424,5426,8,0x00,0,,,,232344,922,,,rx
2973772298,5424,5426,8,0x00,0,,,,232596,923,,,rx
#WINDOW,2973772699,0,0,1000,0,0,0,0,0x0
#WINDOW,2973773700,0,0,1000,0,0,0,0,0x0
#WINDOW,2973774702,0,0,1000,0,0,0,0,0x0
#WINDOW,2973775704,0,0,1000,0,0,0,0,0x0
2973775719,5424,5426,8,0x00,0,,,,234612,931,,,rx
2973776151,5424,5426,8,0x00,0,,,,234864,932,,,rx
2973776583,5424,5426,8,0x00,0,,,,235116,933,,,rx
#WINDOW,2973776784,0,0,1000,0,0,0,0,0x0
2973777016,5424,5426,8,0x00,0,,,,235368,934,,,rx
2973777448,5424,5426,8,0x00,0,,,,235620,935,,,rx
#WINDOW,2973777849,0,0,1000,0,0,0,0,0x0
2973777881,5424,5426,8,0x00,0,,,,235872,936,,,rx
2973778313,5424,5426,8,0x00,0,,,,236124,937,,,rx
2973778745,5424,5426,8,0x00,0,,,,236376,938,,,rx
#WINDOW,2973778945,0,0,1000,0,0,0,0,0x0
2973779177,5424,5426,8,0x00,0,,,,236628,939,,,rx
2973779610,5424,5426,8,0x00,0,,,,236880,940,,,rx
#WINDOW,2973780010,0,0,1000,0,0,0,0,0x0
2973780042,5424,5426,8,0x00,0,,,,237132,941,,,rx
2973780475,5424,5426,8,0x00,0,,,,237384,942,,,rx
2973780906,5424,5426,8,0x00,0,,,,237636,943,,,rx
#WINDOW,2973781107,0,0,1000,0,0,0,0,0x0
2973781339,5424,5426,8,0x00,0,,,,237888,944,,,rx
2973781771,5424,5426,8,0x00,0,,,,238140,945,,,rx
#WINDOW,2973782172,0,0,1000,0,0,0,0,0x0
2973782204,5424,5426,8,0x00,0,,,,238392,946,,,rx
2973783063,5424,5426,8,0x00,0,,,,238896,948,,,rx
#WINDOW,2973783263,0,0,1000,0,0,0,0,0x0
2973783495,5424,5426,8,0x00,0,,,,239148,949,,,rx
2973783928,5424,5426,8,0x00,0,,,,239400,950,,,rx
#WINDOW,2973784328,0,0,1000,0,0,0,0,0x0
2973784360,5424,5426,8,0x00,0,,,,239652,951,,,rx
2973784792,5424,5426,8,0x00,0,,,,239904,952,,,rx
2973785225,5424,5426,8,0x00,0,,,,240156,953,,,rx
#WINDOW,2973785425,0,0,1000,0,0,0,0,0x0
#WINDOW,2973786427,0,0,1000,0,0,0,0,0x0
2973786511,5424,5426,8,0x00,0,,,,240912,956,,,rx
2973786943,5424,5426,8,0x00,0,,,,241164,957,,,rx
2973787376,5424,5426,8,0x00,0,,,,241416,958,,,rx
#WINDOW,2973787476,0,0,1000,0,0,0,0,0x0
2973787808,5424,5426,8,0x00,0,,,,241668,959,,,rx
2973788240,5424,5426,8,0x00,0,,,,241920,960,,,rx
#WINDOW,2973788540,0,0,1000,0,0,0,0,0x0
2973789099,5424,5426,8,0x00,0,,,,242424,962,,,rx
2973789532,5424,5426,8,0x00,0,,,,242676,963,,,rx
#WINDOW,2973789632,0,0,1000,0,0,0,0,0x0
2973789964,5424,5426,8,0x00,0,,,,242928,964,,,rx
2973790396,5424,5426,8,0x00,0,,,,243180,965,,,rx
#WINDOW,2973790696,0,0,1000,0,0,0,0,0x0
2973790828,5424,5426,8,0x00,0,,,,243432,966,,,rx
2973791260,5424,5426,8,0x00,0,,,,243684,967,,,rx
2973791692,5424,5426,8,0x00,0,,,,243936,968,,,rx
#WINDOW,2973791792,0,0,1000,0,0,0,0,0x0
2973792125,5424,5426,8,0x00,0,,,,244188,969,,,rx
2973792557,5424,5426,8,0x00,0,,,,244440,970,,,rx
#WINDOW,2973792857,0,0,1000,0,0,0,0,0x0
2973792989,5424,5426,8,0x00,0,,,,244692,971,,,rx
2973793421,5424,5426,8,0x00,0,,,,244944,972,,,rx
2973793853,5424,5426,8,0x00,0,,,,245196,973,,,rx
#WINDOW,2973793953,0,0,1000,0,0,0,0,0x0
2973794286,5424,5426,8,0x00,0,,,,245448,974,,,rx
2973794718,5424,5426,8,0x00,0,,,,245700,975,,,rx
#WINDOW,2973795018,0,0,1000,0,0,0,0,0x0
2973795150,5424,5426,8,0x00,0,,,,245952,976,,,rx
2973795583,5424,5426,8,0x00,0,,,,246204,977,,,rx
2973796015,5424,5426,8,0x00,0,,,,246456,978,,,rx
#WINDOW,2973796115,0,0,1000,0,0,0,0,0x0
2973796447,5424,5426,8,0x00,0,,,,246708,979,,,rx
2973796880,5424,5426,8,0x00,0,,,,246960,980,,,rx
#WINDOW,2973797180,0,0,1000,0,0,0,0,0x0
2973797312,5424,5426,8,0x00,0,,,,247212,981,,,rx
2973797744,5424,5426,8,0x00,0,,,,247464,982,,,rx
2973798177,5424,5426,8,0x00,0,,,,247716,983,,,rx
#WINDOW,2973798277,0,0,1000,0,0,0,0,0x0
2973798609,5424,5426,8,0x00,0,,,,247968,984,,,rx
2973799041,5424,5426,8,0x00,0,,,,248220,985,,,rx
#WINDOW,2973799342,0,0,1000,0,0,0,0,0x0
2973799473,5424,5426,8,0x00,0,,,,248472,986,,,rx
#WINDOW,2973800375,0,0,1000,0,0,0,0,0x0
#WINDOW,2973801377,0,0,1000,0,0,0,0,0x0
#WINDOW,2973802378,0,0,1000,0,0,0,0,0x0
#WINDOW,2973803380,0,0,1000,0,0,0,0,0x0
2973803748,5424,5426,8,0x00,0,,,,250992,996,,,rx
2973804180,5424,5426,8,0x00,0,,,,251244,997,,,rx
#WINDOW,2973804381,0,0,1000,0,0,0,0,0x0
2973804613,5424,5426,8,0x00,0,,,,251496,998,,,rx
#WINDOW,2973805414,0,0,1000,0,0,0,0,0x0
2973805472,5424,5426,8,0x00,0,,,,252000,1000,,,rx
2973805904,5424,5426,8,0x00,0,,,,252252,1001,,,rx
2973806337,5424,5426,8,0x00,0,,,,252504,1002,,,rx
#WINDOW,2973806437,0,0,1000,0,0,0,0,0x0
2973806769,5424,5426,8,0x00,0,,,,252756,1003,,,rx
2973807201,5424,5426,8,0x00,0,,,,253008,1004,,,rx
#WINDOW,2973807502,0,0,1000,0,0,0,0,0x0
2973807634,5424,5426,8,0x00,0,,,,253260,1005,,,rx
2973808066,5424,5426,8,0x00,0,,,,253512,1006,,,rx
2973808498,5424,5426,8,0x00,0,,,,253764,1007,,,rx
#WINDOW,2973808598,0,0,1000,0,0,0,0,0x0
2973808931,5424,5426,8,0x00,0,,,,254016,1008,,,rx
2973809363,5424,5426,8,0x00,0,,,,254268,1009,,,rx
#WINDOW,2973809663,0,0,1000,0,0,0,0,0x0
2973809795,5424,5426,8,0x00,0,,,,254520,1010,,,rx
2973810228,5424,5426,8,0x00,0,,,,254772,1011,,,rx
2973810660,5424,5426,8,0x00,0,,,,255024,1012,,,rx
#WINDOW,2973810760,0,0,1000,0,0,0,0,0x0
#WINDOW,2973811762,0,0,1000,0,0,0,0,0x0
#WINDOW,2973812764,0,0,1000,0,0,0,0,0x0
2973812800,5424,5426,8,0x00,0,,,,256284,1017,,,rx
2973813232,5424,5426,8,0x00,0,,,,256536,1018,,,rx
2973813665,5424,5426,8,0x00,0,,,,256788,1019,,,rx
#WINDOW,2973813765,0,0,1000,0,0,0,0,0x0
2973814097,5424,5426,8,0x00,0,,,,257040,1020,,,rx
2973814529,5424,5426,8,0x00,0,,,,257292,1021,,,rx
#WINDOW,2973814830,0,0,1000,0,0,0,0,0x0
2973814962,5424,5426,8,0x00,0,,,,257544,1022,,,rx
2973815394,5424,5426,8,0x00,0,,,,257796,1023,,,rx
2973815826,5424,5426,8,0x00,0,,,,258048,1024,,,rx
#WINDOW,2973815926,0,0,1000,0,0,0,0,0x0
2973816259,5424,5426,8,0x00,0,,,,258300,1025,,,rx
2973816691,5424,5426,8,0x00,0,,,,258552,1026,,,rx
#WINDOW,2973816991,0,0,1000,0,0,0,0,0x0
2973817123,5424,5426,8,0x00,0,,,,258804,1027,,,rx
2973817556,5424,5426,8,0x00,0,,,,259056,1028,,,rx
2973817988,5424,5426,8,0x00,0,,,,259308,1029,,,rx
#WINDOW,2973818088,0,0,1000,0,0,0,0,0x0
2973818420,5424,5426,8,0x00,0,,,,259560,1030,,,rx
2973818852,5424,5426,8,0x00,0,,,,259812,1031,,,rx
#WINDOW,2973819153,0,0,1000,0,0,0,0,0x0
2973819284,5424,5426,8,0x00,0,,,,260064,1032,,,rx
2973819716,5424,5426,8,0x00,0,,,,260316,1033,,,rx
2973820149,5424,5426,8,0x00,0,,,,260568,1034,,,rx
#WINDOW,2973820249,0,0,1000,0,0,0,0,0x0
2973820581,5424,5426,8,0x00,0,,,,260820,1035,,,rx
2973821014,5424,5426,8,0x00,0,,,,261072,1036,,,rx
#WINDOW,2973821314,0,0,1000,0,0,0,0,0x0
2973821446,5424,5426,8,0x00,0,,,,261324,1037,,,rx
2973821878,5424,5426,8,0x00,0,,,,261576,1038,,,rx
2973822311,5424,5426,8,0x00,0,,,,261828,1039,,,rx
#WINDOW,2973822411,0,0,1000,0,0,0,0,0x0
2973822738,5424,5426,8,0x00,0,,,,262080,1040,,,rx
#WINDOW,2973823465,0,0,1000,0,0,0,0,0x0
#WINDOW,2973824551,0,0,1000,0,0,0,0,0x0
#WINDOW,2973825610,0,0,1000,0,0,0,0,0x0
#WINDOW,2973826691,0,0,1000,0,0,0,0,0x0
#WINDOW,2973827746,0,0,1000,0,0,0,0,0x0
#WINDOW,2973828822,0,0,1000,0,0,0,0,0x0
#WINDOW,2973829876,0,0,1000,0,0,0,0,0x0
#WINDOW,2973830957,0,0,1000,0,0,0,0,0x0
#WINDOW,2973832011,0,0,1000,0,0,0,0,0x0
#WINDOW,2973833091,0,0,1000,0,0,0,0,0x0
#WINDOW,2973834145,0,0,1000,0,0,0,0,0x0
#WINDOW,2973835226,0,0,1000,0,0,0,0,0x0
#WINDOW,2973836280,0,0,1000,0,0,0,0,0x0
#WINDOW,2973837360,0,0,1000,0,0,0,0,0x0
#WINDOW,2973838414,0,0,1000,0,0,0,0,0x0
#WINDOW,2973839495,0,0,1000,0,0,0,0,0x0
#WINDOW,2973840549,0,0,1000,0,0,0,0,0x0
#WINDOW,2973841629,0,0,1000,0,0,0,0,0x0
#WINDOW,2973842631,0,0,1000,0,0,0,0,0x0
#WINDOW,2973843633,0,0,1000,0,0,0,0,0x0
#WINDOW,2973844634,0,0,1000,0,0,0,0,0x0
#WINDOW,2973845636,0,0,1000,0,0,0,0,0x0
#WINDOW,2973846638,0,0,1000,0,0,0,0,0x0
#WINDOW,2973847639,0,0,1000,0,0,0,0,0x0
#WINDOW,2973848641,0,0,1000,0,0,0,0,0x0
#WINDOW,2973849642,0,0,1000,0,0,0,0,0x0
#WINDOW,2973850644,0,0,1000,0,0,0,0,0x0
#WINDOW,2973851646,0,0,1000,0,0,0,0,0x0
#WINDOW,2973852647,0,0,1000,0,0,0,0,0x0
#WINDOW,2973853649,0,0,1000,0,0,0,0,0x0
#WINDOW,2973854651,0,0,1000,0,0,0,0,0x0
#WINDOW,2973855653,0,0,1000,0,0,0,0,0x0
#WINDOW,2973856654,0,0,1000,0,0,0,0,0x0
#WINDOW,2973857656,0,0,1000,0,0,0,0,0x0
#WINDOW,2973858658,0,0,1000,0,0,0,0,0x0
#WINDOW,2973859659,0,0,1000,0,0,0,0,0x0
#WINDOW,2973860661,0,0,1000,0,0,0,0,0x0
#WINDOW,2973861662,0,0,1000,0,0,0,0,0x0
#WINDOW,2973862664,0,0,1000,0,0,0,0,0x0
#WINDOW,2973863666,0,0,1000,0,0,0,0,0x0
#WINDOW,2973864667,0,0,1000,0,0,0,0,0x0
#WINDOW,2973865669,0,0,1000,0,0,0,0,0x0
#WINDOW,2973866671,0,0,1000,0,0,0,0,0x0
#WINDOW,2973867673,0,0,1000,0,0,0,0,0x0
#WINDOW,2973868674,0,0,1000,0,0,0,0,0x0
#WINDOW,2973869676,0,0,1000,0,0,0,0,0x0
#WINDOW,2973870678,0,0,1000,0,0,0,0,0x0
#WINDOW,2973871679,0,0,1000,0,0,0,0,0x0
#WINDOW,2973872681,0,0,1000,0,0,0,0,0x0
#WINDOW,2973873683,0,0,1000,0,0,0,0,0x0
#WINDOW,2973874684,0,0,1000,0,0,0,0,0x0
#WINDOW,2973875686,0,0,1000,0,0,0,0,0x0
#WINDOW,2973876688,0,0,1000,0,0,0,0,0x0
#WINDOW,2973877690,0,0,1000,0,0,0,0,0x0
#WINDOW,2973878691,0,0,1000,0,0,0,0,0x0
#WINDOW,2973879693,0,0,1000,0,0,0,0,0x0
#WINDOW,2973880694,0,0,1000,0,0,0,0,0x0
#WINDOW,2973881696,0,0,1000,0,0,0,0,0x0
#WINDOW,2973882698,0,0,1000,0,0,0,0,0x0
#WINDOW,2973883700,0,0,1000,0,0,0,0,0x0
#WINDOW,2973884701,0,0,1000,0,0,0,0,0x0
#WINDOW,2973885703,0,0,1000,0,0,0,0,0x0
#WINDOW,2973886705,0,0,1000,0,0,0,0,0x0
#WINDOW,2973887706,0,0,1000,0,0,0,0,0x0
#WINDOW,2973888708,0,0,1000,0,0,0,0,0x0
#WINDOW,2973889710,0,0,1000,0,0,0,0,0x0
#WINDOW,2973890711,0,0,1000,0,0,0,0,0x0
#WINDOW,2973891713,0,0,1000,0,0,0,0,0x0
#WINDOW,2973892715,0,0,1000,0,0,0,0,0x0
#WINDOW,2973893716,0,0,1000,0,0,0,0,0x0
#WINDOW,2973894718,0,0,1000,0,0,0,0,0x0
#WINDOW,2973895720,0,0,1000,0,0,0,0,0x0
#WINDOW,2973896721,0,0,1000,0,0,0,0,0x0
#WINDOW,2973897723,0,0,1000,0,0,0,0,0x0
#WINDOW,2973898725,0,0,1000,0,0,0,0,0x0
#WINDOW,2973899727,0,0,1000,0,0,0,0,0x0
#WINDOW,2973900728,0,0,1000,0,0,0,0,0x0
#WINDOW,2973901730,0,0,1000,0,0,0,0,0x0
