loss,seed,burst,rate_bps,sent,kept,dropped,realized,observed,total,completion,drop_obs,sha,board_bytes,label,ts
0,1,4,4800,1041,1041,0,0.000,1041,1041,100.0%,0,MATCH,NA,dtp4800_L0_b4_s1,2026-08-12T19:52:21Z
0,2,4,4800,1041,1041,0,0.000,1041,1041,100.0%,0,MATCH,262144,dtp4800_L0_b4_s2,2026-08-12T20:16:35Z
0,3,4,4800,1041,1041,0,0.000,1041,1041,100.0%,0,MATCH,262144,dtp4800_L0_b4_s3,2026-08-12T20:26:04Z
0.10,1,4,4800,1041,937,104,0.100,937,1041,90.0%,0,ABSENT,NA,dtp4800_L010_b4_s1,2026-08-12T20:35:32Z
0.10,2,4,4800,1041,942,99,0.095,942,1041,90.5%,0,ABSENT,NA,dtp4800_L010_b4_s2,2026-08-12T20:45:01Z
0.10,3,4,4800,1041,882,159,0.153,882,1041,84.7%,0,ABSENT,NA,dtp4800_L010_b4_s3,2026-08-12T20:54:30Z
0.30,1,4,4800,1041,780,261,0.251,780,1041,74.9%,0,ABSENT,NA,dtp4800_L030_b4_s1,2026-08-12T21:03:58Z
0.30,2,4,4800,1041,705,336,0.323,705,1041,67.7%,0,ABSENT,NA,dtp4800_L030_b4_s2,2026-08-12T21:13:27Z
0.30,3,4,4800,1041,671,370,0.355,671,1041,64.5%,0,ABSENT,NA,dtp4800_L030_b4_s3,2026-08-12T21:22:55Z
