label,arm,loss,seed,verdict,reason,ext_sha,board_bytes,groundtruth_sha,probes_used,ts_utc
smart_L0_s99,smart,0,99,INVALID,SETUP_STUCK,2c1fa79ab2799d2fd1f2a0ff35c6f369d8cd7625b8d636c9528044641a628ba5,262144,2c1fa79ab2799d2fd1f2a0ff35c6f369d8cd7625b8d636c9528044641a628ba5,1,2026-08-16T21:00:04Z
smart_L0_s98,smart,0,98,PASS,,2c1fa79ab2799d2fd1f2a0ff35c6f369d8cd7625b8d636c9528044641a628ba5,262144,2c1fa79ab2799d2fd1f2a0ff35c6f369d8cd7625b8d636c9528044641a628ba5,1,2026-08-17T02:38:14Z
smart_L0_s97,smart,0,97,INVALID,SETUP_STUCK,,,2c1fa79ab2799d2fd1f2a0ff35c6f369d8cd7625b8d636c9528044641a628ba5,2,2026-08-17T02:52:40Z
smart_L0_s96,smart,0,96,PASS,,2c1fa79ab2799d2fd1f2a0ff35c6f369d8cd7625b8d636c9528044641a628ba5,262144,2c1fa79ab2799d2fd1f2a0ff35c6f369d8cd7625b8d636c9528044641a628ba5,1,2026-08-17T02:59:55Z
smart_L0_s1,smart,0,1,PASS,,2c1fa79ab2799d2fd1f2a0ff35c6f369d8cd7625b8d636c9528044641a628ba5,262144,2c1fa79ab2799d2fd1f2a0ff35c6f369d8cd7625b8d636c9528044641a628ba5,1,2026-08-17T03:04:53Z
smart_L0_s2,smart,0,2,PASS,,2c1fa79ab2799d2fd1f2a0ff35c6f369d8cd7625b8d636c9528044641a628ba5,262144,2c1fa79ab2799d2fd1f2a0ff35c6f369d8cd7625b8d636c9528044641a628ba5,1,2026-08-17T03:09:18Z
smart_L0_s3,smart,0,3,PASS,,2c1fa79ab2799d2fd1f2a0ff35c6f369d8cd7625b8d636c9528044641a628ba5,262144,2c1fa79ab2799d2fd1f2a0ff35c6f369d8cd7625b8d636c9528044641a628ba5,1,2026-08-17T03:13:49Z
smart_L0_s4,smart,0,4,PASS,,2c1fa79ab2799d2fd1f2a0ff35c6f369d8cd7625b8d636c9528044641a628ba5,262144,2c1fa79ab2799d2fd1f2a0ff35c6f369d8cd7625b8d636c9528044641a628ba5,1,2026-08-17T03:18:13Z
smart_L0_s5,smart,0,5,PASS,,2c1fa79ab2799d2fd1f2a0ff35c6f369d8cd7625b8d636c9528044641a628ba5,262144,2c1fa79ab2799d2fd1f2a0ff35c6f369d8cd7625b8d636c9528044641a628ba5,1,2026-08-17T03:22:38Z
smart_L0.02_s1,smart,0.02,1,PASS,,2c1fa79ab2799d2fd1f2a0ff35c6f369d8cd7625b8d636c9528044641a628ba5,262144,2c1fa79ab2799d2fd1f2a0ff35c6f369d8cd7625b8d636c9528044641a628ba5,1,2026-08-17T03:27:11Z
smart_L0.02_s2,smart,0.02,2,PASS,,2c1fa79ab2799d2fd1f2a0ff35c6f369d8cd7625b8d636c9528044641a628ba5,262144,2c1fa79ab2799d2fd1f2a0ff35c6f369d8cd7625b8d636c9528044641a628ba5,1,2026-08-17T03:31:42Z
smart_L0.02_s3,smart,0.02,3,PASS,,2c1fa79ab2799d2fd1f2a0ff35c6f369d8cd7625b8d636c9528044641a628ba5,262144,2c1fa79ab2799d2fd1f2a0ff35c6f369d8cd7625b8d636c9528044641a628ba5,1,2026-08-17T03:36:15Z
smart_L0.02_s4,smart,0.02,4,PASS,,2c1fa79ab2799d2fd1f2a0ff35c6f369d8cd7625b8d636c9528044641a628ba5,262144,2c1fa79ab2799d2fd1f2a0ff35c6f369d8cd7625b8d636c9528044641a628ba5,1,2026-08-17T03:40:53Z
smart_L0.02_s5,smart,0.02,5,PASS,,2c1fa79ab2799d2fd1f2a0ff35c6f369d8cd7625b8d636c9528044641a628ba5,262144,2c1fa79ab2799d2fd1f2a0ff35c6f369d8cd7625b8d636c9528044641a628ba5,2,2026-08-17T03:45:29Z
smart_L0.05_s1,smart,0.05,1,PASS,,2c1fa79ab2799d2fd1f2a0ff35c6f369d8cd7625b8d636c9528044641a628ba5,262144,2c1fa79ab2799d2fd1f2a0ff35c6f369d8cd7625b8d636c9528044641a628ba5,1,2026-08-17T03:50:03Z
smart_L0.05_s2,smart,0.05,2,PASS,,2c1fa79ab2799d2fd1f2a0ff35c6f369d8cd7625b8d636c9528044641a628ba5,262144,2c1fa79ab2799d2fd1f2a0ff35c6f369d8cd7625b8d636c9528044641a628ba5,1,2026-08-17T03:54:50Z
smart_L0.05_s3,smart,0.05,3,PASS,,2c1fa79ab2799d2fd1f2a0ff35c6f369d8cd7625b8d636c9528044641a628ba5,262144,2c1fa79ab2799d2fd1f2a0ff35c6f369d8cd7625b8d636c9528044641a628ba5,1,2026-08-17T03:59:29Z
smart_L0.05_s4,smart,0.05,4,PASS,,2c1fa79ab2799d2fd1f2a0ff35c6f369d8cd7625b8d636c9528044641a628ba5,262144,2c1fa79ab2799d2fd1f2a0ff35c6f369d8cd7625b8d636c9528044641a628ba5,1,2026-08-17T04:04:14Z
smart_L0.05_s5,smart,0.05,5,INVALID,BOARD_RESET,2c1fa79ab2799d2fd1f2a0ff35c6f369d8cd7625b8d636c9528044641a628ba5,262144,2c1fa79ab2799d2fd1f2a0ff35c6f369d8cd7625b8d636c9528044641a628ba5,1,2026-08-17T04:09:11Z
smart_L0.10_s1,smart,0.10,1,PASS,,2c1fa79ab2799d2fd1f2a0ff35c6f369d8cd7625b8d636c9528044641a628ba5,262144,2c1fa79ab2799d2fd1f2a0ff35c6f369d8cd7625b8d636c9528044641a628ba5,1,2026-08-17T04:16:28Z
smart_L0.10_s2,smart,0.10,2,INVALID,AGENT_DOWN,,,2c1fa79ab2799d2fd1f2a0ff35c6f369d8cd7625b8d636c9528044641a628ba5,2,2026-08-17T04:18:36Z
smart_L0.10_s3,smart,0.10,3,PASS,,2c1fa79ab2799d2fd1f2a0ff35c6f369d8cd7625b8d636c9528044641a628ba5,262144,2c1fa79ab2799d2fd1f2a0ff35c6f369d8cd7625b8d636c9528044641a628ba5,2,2026-08-17T04:26:48Z
smart_L0.10_s4,smart,0.10,4,PASS,,2c1fa79ab2799d2fd1f2a0ff35c6f369d8cd7625b8d636c9528044641a628ba5,262144,2c1fa79ab2799d2fd1f2a0ff35c6f369d8cd7625b8d636c9528044641a628ba5,1,2026-08-17T04:32:22Z
smart_L0.10_s5,smart,0.10,5,PASS,,2c1fa79ab2799d2fd1f2a0ff35c6f369d8cd7625b8d636c9528044641a628ba5,262144,2c1fa79ab2799d2fd1f2a0ff35c6f369d8cd7625b8d636c9528044641a628ba5,1,2026-08-17T04:37:32Z
smart_L0.20_s1,smart,0.20,1,PASS,,2c1fa79ab2799d2fd1f2a0ff35c6f369d8cd7625b8d636c9528044641a628ba5,262144,2c1fa79ab2799d2fd1f2a0ff35c6f369d8cd7625b8d636c9528044641a628ba5,1,2026-08-17T04:50:55Z
smart_L0.20_s2,smart,0.20,2,PASS,,2c1fa79ab2799d2fd1f2a0ff35c6f369d8cd7625b8d636c9528044641a628ba5,262144,2c1fa79ab2799d2fd1f2a0ff35c6f369d8cd7625b8d636c9528044641a628ba5,1,2026-08-17T04:56:54Z
smart_L0.20_s3,smart,0.20,3,PASS,,2c1fa79ab2799d2fd1f2a0ff35c6f369d8cd7625b8d636c9528044641a628ba5,262144,2c1fa79ab2799d2fd1f2a0ff35c6f369d8cd7625b8d636c9528044641a628ba5,3,2026-08-17T05:02:45Z
smart_L0.20_s4,smart,0.20,4,PASS,,2c1fa79ab2799d2fd1f2a0ff35c6f369d8cd7625b8d636c9528044641a628ba5,262144,2c1fa79ab2799d2fd1f2a0ff35c6f369d8cd7625b8d636c9528044641a628ba5,1,2026-08-17T05:08:58Z
smart_L0.20_s5,smart,0.20,5,PASS,,2c1fa79ab2799d2fd1f2a0ff35c6f369d8cd7625b8d636c9528044641a628ba5,262144,2c1fa79ab2799d2fd1f2a0ff35c6f369d8cd7625b8d636c9528044641a628ba5,1,2026-08-17T05:14:58Z
smart_L0.30_s1,smart,0.30,1,PASS,,2c1fa79ab2799d2fd1f2a0ff35c6f369d8cd7625b8d636c9528044641a628ba5,262144,2c1fa79ab2799d2fd1f2a0ff35c6f369d8cd7625b8d636c9528044641a628ba5,1,2026-08-17T05:30:26Z
smart_L0.30_s2,smart,0.30,2,PASS,,2c1fa79ab2799d2fd1f2a0ff35c6f369d8cd7625b8d636c9528044641a628ba5,262144,2c1fa79ab2799d2fd1f2a0ff35c6f369d8cd7625b8d636c9528044641a628ba5,1,2026-08-17T05:41:30Z
smart_L0.30_s3,smart,0.30,3,PASS,,2c1fa79ab2799d2fd1f2a0ff35c6f369d8cd7625b8d636c9528044641a628ba5,262144,2c1fa79ab2799d2fd1f2a0ff35c6f369d8cd7625b8d636c9528044641a628ba5,2,2026-08-17T05:50:46Z
smart_L0.30_s4,smart,0.30,4,PASS,,2c1fa79ab2799d2fd1f2a0ff35c6f369d8cd7625b8d636c9528044641a628ba5,262144,2c1fa79ab2799d2fd1f2a0ff35c6f369d8cd7625b8d636c9528044641a628ba5,1,2026-08-17T05:57:38Z
smart_L0.30_s5,smart,0.30,5,PASS,,2c1fa79ab2799d2fd1f2a0ff35c6f369d8cd7625b8d636c9528044641a628ba5,262144,2c1fa79ab2799d2fd1f2a0ff35c6f369d8cd7625b8d636c9528044641a628ba5,1,2026-08-17T06:06:40Z
naive_L0_s1,naive,0,1,PASS,,2c1fa79ab2799d2fd1f2a0ff35c6f369d8cd7625b8d636c9528044641a628ba5,262144,2c1fa79ab2799d2fd1f2a0ff35c6f369d8cd7625b8d636c9528044641a628ba5,1,2026-08-17T06:13:26Z
naive_L0_s2,naive,0,2,PASS,,2c1fa79ab2799d2fd1f2a0ff35c6f369d8cd7625b8d636c9528044641a628ba5,262144,2c1fa79ab2799d2fd1f2a0ff35c6f369d8cd7625b8d636c9528044641a628ba5,1,2026-08-17T06:17:58Z
naive_L0_s3,naive,0,3,PASS,,2c1fa79ab2799d2fd1f2a0ff35c6f369d8cd7625b8d636c9528044641a628ba5,262144,2c1fa79ab2799d2fd1f2a0ff35c6f369d8cd7625b8d636c9528044641a628ba5,1,2026-08-17T06:22:29Z
naive_L0.02_s1,naive,0.02,1,FAIL_ABSENT,,,,2c1fa79ab2799d2fd1f2a0ff35c6f369d8cd7625b8d636c9528044641a628ba5,3,2026-08-17T07:11:13Z
naive_L0.02_s2,naive,0.02,2,FAIL_ABSENT,,,,2c1fa79ab2799d2fd1f2a0ff35c6f369d8cd7625b8d636c9528044641a628ba5,2,2026-08-17T08:00:37Z
naive_L0.02_s3,naive,0.02,3,FAIL_ABSENT,,,,2c1fa79ab2799d2fd1f2a0ff35c6f369d8cd7625b8d636c9528044641a628ba5,3,2026-08-17T08:49:58Z
naive_L0.05_s1,naive,0.05,1,FAIL_ABSENT,,,,2c1fa79ab2799d2fd1f2a0ff35c6f369d8cd7625b8d636c9528044641a628ba5,3,2026-08-17T09:38:53Z
naive_L0.05_s2,naive,0.05,2,FAIL_ABSENT,,,,2c1fa79ab2799d2fd1f2a0ff35c6f369d8cd7625b8d636c9528044641a628ba5,2,2026-08-17T10:27:44Z
naive_L0.05_s3,naive,0.05,3,FAIL_ABSENT,,,,2c1fa79ab2799d2fd1f2a0ff35c6f369d8cd7625b8d636c9528044641a628ba5,2,2026-08-17T11:18:35Z
naive_L0.10_s1,naive,0.10,1,FAIL_ABSENT,,,,2c1fa79ab2799d2fd1f2a0ff35c6f369d8cd7625b8d636c9528044641a628ba5,2,2026-08-17T12:06:58Z
naive_L0.10_s2,naive,0.10,2,INVALID,AGENT_DOWN,,,2c1fa79ab2799d2fd1f2a0ff35c6f369d8cd7625b8d636c9528044641a628ba5,2,2026-08-17T12:08:16Z
naive_L0.10_s3,naive,0.10,3,FAIL_ABSENT,,,,2c1fa79ab2799d2fd1f2a0ff35c6f369d8cd7625b8d636c9528044641a628ba5,2,2026-08-17T15:04:08Z
naive_L0.20_s1,naive,0.20,1,FAIL_ABSENT,,,,2c1fa79ab2799d2fd1f2a0ff35c6f369d8cd7625b8d636c9528044641a628ba5,2,2026-08-17T15:52:47Z
naive_L0.20_s2,naive,0.20,2,FAIL_ABSENT,,,,2c1fa79ab2799d2fd1f2a0ff35c6f369d8cd7625b8d636c9528044641a628ba5,5,2026-08-17T16:41:00Z
naive_L0.20_s3,naive,0.20,3,FAIL_ABSENT,,,,2c1fa79ab2799d2fd1f2a0ff35c6f369d8cd7625b8d636c9528044641a628ba5,2,2026-08-17T17:29:59Z
naive_L0.30_s1,naive,0.30,1,FAIL_ABSENT,,,,2c1fa79ab2799d2fd1f2a0ff35c6f369d8cd7625b8d636c9528044641a628ba5,3,2026-08-17T18:18:47Z
naive_L0.30_s2,naive,0.30,2,FAIL_ABSENT,,,,2c1fa79ab2799d2fd1f2a0ff35c6f369d8cd7625b8d636c9528044641a628ba5,3,2026-08-17T19:07:39Z
naive_L0.30_s3,naive,0.30,3,INVALID,CONSOLE_UNVERIFIED,,,2c1fa79ab2799d2fd1f2a0ff35c6f369d8cd7625b8d636c9528044641a628ba5,6,2026-08-17T19:57:08Z
naive_L0_s1_r4800,naive,0,1,FAIL_ABSENT,,,,2c1fa79ab2799d2fd1f2a0ff35c6f369d8cd7625b8d636c9528044641a628ba5,2,2026-08-17T21:12:02Z
naive_L0_s2_r4800,naive,0,2,FAIL_ABSENT,,,,2c1fa79ab2799d2fd1f2a0ff35c6f369d8cd7625b8d636c9528044641a628ba5,6,2026-08-17T22:26:24Z
naive_L0_s3_r4800,naive,0,3,FAIL_ABSENT,,,,2c1fa79ab2799d2fd1f2a0ff35c6f369d8cd7625b8d636c9528044641a628ba5,2,2026-08-17T23:40:30Z
naive_L0.02_s1_r4800,naive,0.02,1,FAIL_ABSENT,,,,2c1fa79ab2799d2fd1f2a0ff35c6f369d8cd7625b8d636c9528044641a628ba5,2,2026-08-18T00:54:08Z
naive_L0.02_s2_r4800,naive,0.02,2,FAIL_ABSENT,,,,2c1fa79ab2799d2fd1f2a0ff35c6f369d8cd7625b8d636c9528044641a628ba5,2,2026-08-18T02:08:23Z
naive_L0.02_s3_r4800,naive,0.02,3,FAIL_ABSENT,,,,2c1fa79ab2799d2fd1f2a0ff35c6f369d8cd7625b8d636c9528044641a628ba5,2,2026-08-18T03:22:19Z
naive_L0.05_s1_r4800,naive,0.05,1,FAIL_ABSENT,,,,2c1fa79ab2799d2fd1f2a0ff35c6f369d8cd7625b8d636c9528044641a628ba5,6,2026-08-18T04:36:21Z
smart_L0_s1_r4800p,smart,0,1,PASS,,2c1fa79ab2799d2fd1f2a0ff35c6f369d8cd7625b8d636c9528044641a628ba5,262144,2c1fa79ab2799d2fd1f2a0ff35c6f369d8cd7625b8d636c9528044641a628ba5,1,2026-08-18T05:51:16Z
smart_L0_s2_r4800p,smart,0,2,PASS,,2c1fa79ab2799d2fd1f2a0ff35c6f369d8cd7625b8d636c9528044641a628ba5,262144,2c1fa79ab2799d2fd1f2a0ff35c6f369d8cd7625b8d636c9528044641a628ba5,2,2026-08-18T05:59:39Z
smart_L0_s3_r4800p,smart,0,3,PASS,,2c1fa79ab2799d2fd1f2a0ff35c6f369d8cd7625b8d636c9528044641a628ba5,262144,2c1fa79ab2799d2fd1f2a0ff35c6f369d8cd7625b8d636c9528044641a628ba5,1,2026-08-18T06:07:52Z
smart_L0_s4_r4800p,smart,0,4,PASS,,2c1fa79ab2799d2fd1f2a0ff35c6f369d8cd7625b8d636c9528044641a628ba5,262144,2c1fa79ab2799d2fd1f2a0ff35c6f369d8cd7625b8d636c9528044641a628ba5,1,2026-08-18T06:16:14Z
smart_L0_s5_r4800p,smart,0,5,PASS,,2c1fa79ab2799d2fd1f2a0ff35c6f369d8cd7625b8d636c9528044641a628ba5,262144,2c1fa79ab2799d2fd1f2a0ff35c6f369d8cd7625b8d636c9528044641a628ba5,2,2026-08-18T06:24:54Z
smart_L0.02_s1_r4800p,smart,0.02,1,PASS,,2c1fa79ab2799d2fd1f2a0ff35c6f369d8cd7625b8d636c9528044641a628ba5,262144,2c1fa79ab2799d2fd1f2a0ff35c6f369d8cd7625b8d636c9528044641a628ba5,1,2026-08-18T06:33:21Z
smart_L0.02_s2_r4800p,smart,0.02,2,PASS,,2c1fa79ab2799d2fd1f2a0ff35c6f369d8cd7625b8d636c9528044641a628ba5,262144,2c1fa79ab2799d2fd1f2a0ff35c6f369d8cd7625b8d636c9528044641a628ba5,2,2026-08-18T06:42:15Z
smart_L0.02_s3_r4800p,smart,0.02,3,PASS,,2c1fa79ab2799d2fd1f2a0ff35c6f369d8cd7625b8d636c9528044641a628ba5,262144,2c1fa79ab2799d2fd1f2a0ff35c6f369d8cd7625b8d636c9528044641a628ba5,1,2026-08-18T06:50:42Z
smart_L0.02_s4_r4800p,smart,0.02,4,PASS,,2c1fa79ab2799d2fd1f2a0ff35c6f369d8cd7625b8d636c9528044641a628ba5,262144,2c1fa79ab2799d2fd1f2a0ff35c6f369d8cd7625b8d636c9528044641a628ba5,1,2026-08-18T07:10:08Z
smart_L0.02_s5_r4800p,smart,0.02,5,PASS,,2c1fa79ab2799d2fd1f2a0ff35c6f369d8cd7625b8d636c9528044641a628ba5,262144,2c1fa79ab2799d2fd1f2a0ff35c6f369d8cd7625b8d636c9528044641a628ba5,2,2026-08-18T07:18:43Z
smart_L0.05_s1_r4800p,smart,0.05,1,PASS,,2c1fa79ab2799d2fd1f2a0ff35c6f369d8cd7625b8d636c9528044641a628ba5,262144,2c1fa79ab2799d2fd1f2a0ff35c6f369d8cd7625b8d636c9528044641a628ba5,2,2026-08-18T07:27:28Z
smart_L0.05_s2_r4800p,smart,0.05,2,PASS,,2c1fa79ab2799d2fd1f2a0ff35c6f369d8cd7625b8d636c9528044641a628ba5,262144,2c1fa79ab2799d2fd1f2a0ff35c6f369d8cd7625b8d636c9528044641a628ba5,2,2026-08-18T07:47:55Z
smart_L0.05_s3_r4800p,smart,0.05,3,PASS,,2c1fa79ab2799d2fd1f2a0ff35c6f369d8cd7625b8d636c9528044641a628ba5,262144,2c1fa79ab2799d2fd1f2a0ff35c6f369d8cd7625b8d636c9528044641a628ba5,1,2026-08-18T07:56:39Z
smart_L0.05_s4_r4800p,smart,0.05,4,PASS,,2c1fa79ab2799d2fd1f2a0ff35c6f369d8cd7625b8d636c9528044641a628ba5,262144,2c1fa79ab2799d2fd1f2a0ff35c6f369d8cd7625b8d636c9528044641a628ba5,2,2026-08-18T08:23:09Z
smart_L0.05_s5_r4800p,smart,0.05,5,PASS,,2c1fa79ab2799d2fd1f2a0ff35c6f369d8cd7625b8d636c9528044641a628ba5,262144,2c1fa79ab2799d2fd1f2a0ff35c6f369d8cd7625b8d636c9528044641a628ba5,3,2026-08-18T08:32:23Z
smart_L0.10_s1_r4800p,smart,0.10,1,PASS,,2c1fa79ab2799d2fd1f2a0ff35c6f369d8cd7625b8d636c9528044641a628ba5,262144,2c1fa79ab2799d2fd1f2a0ff35c6f369d8cd7625b8d636c9528044641a628ba5,3,2026-08-18T09:15:13Z
smart_L0.10_s2_r4800p,smart,0.10,2,INVALID,HARNESS,,,2c1fa79ab2799d2fd1f2a0ff35c6f369d8cd7625b8d636c9528044641a628ba5,2,2026-08-18T09:43:43Z
smart_L0.10_s3_r4800p,smart,0.10,3,PASS,,2c1fa79ab2799d2fd1f2a0ff35c6f369d8cd7625b8d636c9528044641a628ba5,262144,2c1fa79ab2799d2fd1f2a0ff35c6f369d8cd7625b8d636c9528044641a628ba5,1,2026-08-18T10:02:49Z
smart_L0.10_s4_r4800p,smart,0.10,4,PASS,,2c1fa79ab2799d2fd1f2a0ff35c6f369d8cd7625b8d636c9528044641a628ba5,262144,2c1fa79ab2799d2fd1f2a0ff35c6f369d8cd7625b8d636c9528044641a628ba5,1,2026-08-18T10:31:50Z
smart_L0.10_s5_r4800p,smart,0.10,5,PASS,,2c1fa79ab2799d2fd1f2a0ff35c6f369d8cd7625b8d636c9528044641a628ba5,262144,2c1fa79ab2799d2fd1f2a0ff35c6f369d8cd7625b8d636c9528044641a628ba5,1,2026-08-18T10:41:27Z
smart_L0.20_s1_r4800p,smart,0.20,1,FAIL_ABSENT,,,,2c1fa79ab2799d2fd1f2a0ff35c6f369d8cd7625b8d636c9528044641a628ba5,3,2026-08-18T12:03:57Z
smart_L0.20_s2_r4800p,smart,0.20,2,FAIL_ABSENT,,,,2c1fa79ab2799d2fd1f2a0ff35c6f369d8cd7625b8d636c9528044641a628ba5,2,2026-08-18T13:15:04Z
smart_L0.20_s3_r4800p,smart,0.20,3,PASS,,2c1fa79ab2799d2fd1f2a0ff35c6f369d8cd7625b8d636c9528044641a628ba5,262144,2c1fa79ab2799d2fd1f2a0ff35c6f369d8cd7625b8d636c9528044641a628ba5,1,2026-08-18T13:50:37Z
smart_L0.20_s4_r4800p,smart,0.20,4,FAIL_ABSENT,,,,2c1fa79ab2799d2fd1f2a0ff35c6f369d8cd7625b8d636c9528044641a628ba5,2,2026-08-18T15:01:42Z
smart_L0.20_s5_r4800p,smart,0.20,5,PASS,,2c1fa79ab2799d2fd1f2a0ff35c6f369d8cd7625b8d636c9528044641a628ba5,262144,2c1fa79ab2799d2fd1f2a0ff35c6f369d8cd7625b8d636c9528044641a628ba5,2,2026-08-18T15:33:52Z
smart_L0.30_s1_r4800p,smart,0.30,1,FAIL_ABSENT,,,,2c1fa79ab2799d2fd1f2a0ff35c6f369d8cd7625b8d636c9528044641a628ba5,3,2026-08-18T16:51:34Z
smart_L0.30_s2_r4800p,smart,0.30,2,FAIL_ABSENT,,,,2c1fa79ab2799d2fd1f2a0ff35c6f369d8cd7625b8d636c9528044641a628ba5,4,2026-08-18T18:15:04Z
smart_L0.30_s3_r4800p,smart,0.30,3,FAIL_ABSENT,,,,2c1fa79ab2799d2fd1f2a0ff35c6f369d8cd7625b8d636c9528044641a628ba5,2,2026-08-18T19:22:53Z
smart_L0.30_s4_r4800p,smart,0.30,4,FAIL_ABSENT,,,,2c1fa79ab2799d2fd1f2a0ff35c6f369d8cd7625b8d636c9528044641a628ba5,5,2026-08-18T20:45:56Z
smart_L0.30_s5_r4800p,smart,0.30,5,FAIL_ABSENT,,,,2c1fa79ab2799d2fd1f2a0ff35c6f369d8cd7625b8d636c9528044641a628ba5,3,2026-08-18T21:58:52Z
naive_L0_s1_r4800p,naive,0,1,INVALID,HARNESS,,,2c1fa79ab2799d2fd1f2a0ff35c6f369d8cd7625b8d636c9528044641a628ba5,2,2026-08-19T10:37:29Z
naive_L0_s2_r4800p,naive,0,2,PASS,,2c1fa79ab2799d2fd1f2a0ff35c6f369d8cd7625b8d636c9528044641a628ba5,262144,2c1fa79ab2799d2fd1f2a0ff35c6f369d8cd7625b8d636c9528044641a628ba5,2,2026-08-19T10:46:09Z
naive_L0_s3_r4800p,naive,0,3,PASS,,2c1fa79ab2799d2fd1f2a0ff35c6f369d8cd7625b8d636c9528044641a628ba5,262144,2c1fa79ab2799d2fd1f2a0ff35c6f369d8cd7625b8d636c9528044641a628ba5,1,2026-08-19T10:54:27Z
