# t_ms,src,dport,csp_flags,is_rdp,index,epoch,dropped
3460640501,5425,9,0x00,0,16,0,0
3460640934,5425,9,0x00,0,17,0,0
3460641366,5425,9,0x00,0,18,0,0
3460641798,5425,9,0x00,0,19,0,0
3460642231,5425,9,0x00,0,20,0,0
3460642663,5425,9,0x00,0,21,0,0
3460643095,5425,9,0x00,0,22,0,0
3460643528,5425,9,0x00,0,23,0,1
3460643955,5425,9,0x00,0,24,0,1
3460644382,5425,9,0x00,0,25,0,1
3460644808,5425,9,0x00,0,26,0,1
3460645235,5425,9,0x00,0,27,0,1
3460645662,5425,9,0x00,0,28,0,1
3460646089,5425,9,0x00,0,29,0,1
3460646516,5425,9,0x00,0,30,0,1
3460646943,5425,9,0x00,0,31,0,1
3460647370,5425,9,0x00,0,32,0,1
3460647797,5425,9,0x00,0,49,0,1
3460648224,5425,9,0x00,0,50,0,1
3460648650,5425,9,0x00,0,51,0,1
3460649077,5425,9,0x00,0,52,0,1
3460649504,5425,9,0x00,0,53,0,1
3460649931,5425,9,0x00,0,54,0,1
3460650358,5425,9,0x00,0,55,0,1
3460650785,5425,9,0x00,0,56,0,1
3460651212,5425,9,0x00,0,57,0,1
3460651639,5425,9,0x00,0,58,0,0
3460652071,5425,9,0x00,0,59,0,0
3460652503,5425,9,0x00,0,60,0,0
3460652935,5425,9,0x00,0,61,0,0
3460653368,5425,9,0x00,0,62,0,0
3460653800,5425,9,0x00,0,63,0,0
3460654233,5425,9,0x00,0,64,0,0
3460654665,5425,9,0x00,0,65,0,0
3460655092,5425,9,0x00,0,132,0,0
3460655524,5425,9,0x00,0,133,0,0
3460655957,5425,9,0x00,0,134,0,0
3460656389,5425,9,0x00,0,135,0,0
3460656821,5425,9,0x00,0,136,0,0
3460657254,5425,9,0x00,0,137,0,0
3460657686,5425,9,0x00,0,138,0,0
3460658119,5425,9,0x00,0,139,0,0
3460658551,5425,9,0x00,0,140,0,0
3460658983,5425,9,0x00,0,141,0,0
3460659416,5425,9,0x00,0,142,0,1
3460659843,5425,9,0x00,0,143,0,1
3460660270,5425,9,0x00,0,144,0,1
3460660696,5425,9,0x00,0,145,0,1
3460661123,5425,9,0x00,0,146,0,1
3460661550,5425,9,0x00,0,147,0,1
3460661977,5425,9,0x00,0,148,0,0
3460662404,5425,9,0x00,0,280,0,0
3460662836,5425,9,0x00,0,281,0,0
3460663268,5425,9,0x00,0,282,0,0
3460663701,5425,9,0x00,0,283,0,0
3460664133,5425,9,0x00,0,284,0,0
3460664565,5425,9,0x00,0,285,0,0
3460664998,5425,9,0x00,0,286,0,1
3460665424,5425,9,0x00,0,287,0,0
3460665857,5425,9,0x00,0,288,0,0
3460666289,5425,9,0x00,0,289,0,0
3460666721,5425,9,0x00,0,290,0,0
3460667153,5425,9,0x00,0,291,0,0
3460667586,5425,9,0x00,0,292,0,0
3460668018,5425,9,0x00,0,293,0,0
3460668450,5425,9,0x00,0,294,0,0
3460668883,5425,9,0x00,0,295,0,0
3460669315,5425,9,0x00,0,296,0,0
3460669747,5425,9,0x00,0,297,0,0
3460670180,5425,9,0x00,0,298,0,0
3460670612,5425,9,0x00,0,299,0,0
3460671044,5425,9,0x00,0,300,0,0
3460671477,5425,9,0x00,0,301,0,0
3460671909,5425,9,0x00,0,302,0,0
3460672342,5425,9,0x00,0,303,0,0
3460672774,5425,9,0x00,0,304,0,0
3460673206,5425,9,0x00,0,305,0,0
3460673638,5425,9,0x00,0,306,0,0
3460674071,5425,9,0x00,0,307,0,0
3460674503,5425,9,0x00,0,308,0,0
3460674936,5425,9,0x00,0,309,0,0
3460675368,5425,9,0x00,0,310,0,0
3460675800,5425,9,0x00,0,311,0,0
3460676232,5425,9,0x00,0,312,0,0
3460676664,5425,9,0x00,0,313,0,0
3460677091,5425,9,0x00,0,330,0,0
3460677524,5425,9,0x00,0,331,0,0
3460677956,5425,9,0x00,0,332,0,1
3460678383,5425,9,0x00,0,333,0,1
3460678810,5425,9,0x00,0,334,0,0
3460679242,5425,9,0x00,0,335,0,1
3460679669,5425,9,0x00,0,336,0,1
3460680096,5425,9,0x00,0,337,0,1
3460680523,5425,9,0x00,0,338,0,0
3460680955,5425,9,0x00,0,339,0,1
3460681382,5425,9,0x00,0,340,0,1
3460681809,5425,9,0x00,0,341,0,0
3460682241,5425,9,0x00,0,342,0,0
3460682674,5425,9,0x00,0,343,0,0
3460683106,5425,9,0x00,0,344,0,0
3460683538,5425,9,0x00,0,345,0,0
3460683971,5425,9,0x00,0,346,0,0
3460684403,5425,9,0x00,0,347,0,0
3460684835,5425,9,0x00,0,348,0,0
3460685268,5425,9,0x00,0,349,0,1
3460685695,5425,9,0x00,0,350,0,1
3460686121,5425,9,0x00,0,351,0,1
3460686548,5425,9,0x00,0,352,0,1
3460686975,5425,9,0x00,0,353,0,1
3460687402,5425,9,0x00,0,354,0,0
3460687834,5425,9,0x00,0,355,0,0
3460688267,5425,9,0x00,0,356,0,0
3460688699,5425,9,0x00,0,357,0,0
3460689131,5425,9,0x00,0,358,0,0
3460689564,5425,9,0x00,0,359,0,0
3460689996,5425,9,0x00,0,360,0,0
3460690428,5425,9,0x00,0,361,0,0
3460690861,5425,9,0x00,0,362,0,0
3460691293,5425,9,0x00,0,363,0,0
3460691720,5425,9,0x00,0,379,0,0
3460692152,5425,9,0x00,0,380,0,1
3460692579,5425,9,0x00,0,381,0,1
3460693006,5425,9,0x00,0,382,0,1
3460693433,5425,9,0x00,0,383,0,1
3460693860,5425,9,0x00,0,384,0,1
3460694287,5425,9,0x00,0,385,0,0
3460694719,5425,9,0x00,0,386,0,0
3460695151,5425,9,0x00,0,387,0,0
3460695583,5425,9,0x00,0,388,0,0
3460696016,5425,9,0x00,0,389,0,0
3460696448,5425,9,0x00,0,390,0,0
3460696880,5425,9,0x00,0,391,0,0
3460697313,5425,9,0x00,0,392,0,0
3460697745,5425,9,0x00,0,393,0,0
3460698177,5425,9,0x00,0,394,0,0
3460698610,5425,9,0x00,0,395,0,0
3460699037,5425,9,0x00,0,412,0,0
3460699469,5425,9,0x00,0,413,0,0
3460699901,5425,9,0x00,0,414,0,0
3460700334,5425,9,0x00,0,415,0,0
3460700766,5425,9,0x00,0,416,0,0
3460701198,5425,9,0x00,0,417,0,0
3460701630,5425,9,0x00,0,418,0,0
3460702063,5425,9,0x00,0,419,0,0
3460702495,5425,9,0x00,0,420,0,0
3460702927,5425,9,0x00,0,421,0,0
3460703360,5425,9,0x00,0,422,0,0
3460703792,5425,9,0x00,0,423,0,0
3460704224,5425,9,0x00,0,424,0,0
3460704657,5425,9,0x00,0,425,0,0
3460705089,5425,9,0x00,0,426,0,0
3460705521,5425,9,0x00,0,427,0,0
3460705953,5425,9,0x00,0,428,0,0
3460706386,5425,9,0x00,0,429,0,0
3460706818,5425,9,0x00,0,430,0,0
3460707250,5425,9,0x00,0,431,0,0
3460707683,5425,9,0x00,0,432,0,0
3460708115,5425,9,0x00,0,433,0,0
3460708547,5425,9,0x00,0,434,0,0
3460708980,5425,9,0x00,0,435,0,0
3460709412,5425,9,0x00,0,436,0,0
3460709844,5425,9,0x00,0,437,0,0
3460710277,5425,9,0x00,0,438,0,0
3460710709,5425,9,0x00,0,439,0,0
3460711141,5425,9,0x00,0,440,0,0
3460711573,5425,9,0x00,0,441,0,0
3460712006,5425,9,0x00,0,442,0,0
3460712438,5425,9,0x00,0,443,0,0
3460712870,5425,9,0x00,0,444,0,0
3460713302,5425,9,0x00,0,445,0,0
3460713729,5425,9,0x00,0,462,0,0
3460714162,5425,9,0x00,0,463,0,0
3460714594,5425,9,0x00,0,464,0,0
3460715026,5425,9,0x00,0,465,0,0
3460715458,5425,9,0x00,0,466,0,0
3460715891,5425,9,0x00,0,467,0,0
3460716323,5425,9,0x00,0,468,0,0
3460716755,5425,9,0x00,0,469,0,0
3460717188,5425,9,0x00,0,470,0,0
3460717620,5425,9,0x00,0,471,0,0
3460718052,5425,9,0x00,0,472,0,0
3460718485,5425,9,0x00,0,473,0,0
3460718917,5425,9,0x00,0,474,0,0
3460719349,5425,9,0x00,0,475,0,0
3460719781,5425,9,0x00,0,476,0,0
3460720214,5425,9,0x00,0,477,0,0
3460720646,5425,9,0x00,0,478,0,0
3460721073,5425,9,0x00,0,495,0,0
3460721505,5425,9,0x00,0,496,0,0
3460721937,5425,9,0x00,0,497,0,0
3460722370,5425,9,0x00,0,498,0,0
3460722802,5425,9,0x00,0,499,0,0
3460723234,5425,9,0x00,0,500,0,0
3460723666,5425,9,0x00,0,501,0,1
3460724093,5425,9,0x00,0,502,0,0
3460724526,5425,9,0x00,0,503,0,0
3460724958,5425,9,0x00,0,504,0,0
3460725390,5425,9,0x00,0,505,0,0
3460725822,5425,9,0x00,0,506,0,0
3460726255,5425,9,0x00,0,507,0,0
3460726687,5425,9,0x00,0,508,0,0
3460727119,5425,9,0x00,0,509,0,0
3460727551,5425,9,0x00,0,510,0,0
3460727984,5425,9,0x00,0,511,0,1
3460728411,5425,9,0x00,0,512,0,1
3460728838,5425,9,0x00,0,513,0,1
3460729265,5425,9,0x00,0,514,0,1
3460729691,5425,9,0x00,0,515,0,1
3460730118,5425,9,0x00,0,516,0,0
3460730551,5425,9,0x00,0,517,0,0
3460730983,5425,9,0x00,0,518,0,0
3460731415,5425,9,0x00,0,519,0,0
3460731848,5425,9,0x00,0,520,0,0
3460732280,5425,9,0x00,0,521,0,0
3460732712,5425,9,0x00,0,522,0,0
3460733145,5425,9,0x00,0,523,0,0
3460733577,5425,9,0x00,0,524,0,0
3460734009,5425,9,0x00,0,525,0,0
3460734442,5425,9,0x00,0,526,0,0
3460734874,5425,9,0x00,0,527,0,0
3460735306,5425,9,0x00,0,528,0,0
3460735733,5425,9,0x00,0,545,0,0
3460736166,5425,9,0x00,0,546,0,0
3460736598,5425,9,0x00,0,547,0,0
3460737030,5425,9,0x00,0,548,0,0
3460737462,5425,9,0x00,0,549,0,0
3460737895,5425,9,0x00,0,550,0,0
3460738327,5425,9,0x00,0,551,0,0
3460738759,5425,9,0x00,0,552,0,0
3460739191,5425,9,0x00,0,553,0,0
3460739624,5425,9,0x00,0,554,0,0
3460740056,5425,9,0x00,0,555,0,0
3460740489,5425,9,0x00,0,556,0,0
3460740921,5425,9,0x00,0,557,0,0
3460741353,5425,9,0x00,0,558,0,0
3460741785,5425,9,0x00,0,559,0,0
3460742218,5425,9,0x00,0,560,0,0
3460742650,5425,9,0x00,0,561,0,0
3460743082,5425,9,0x00,0,562,0,0
3460743515,5425,9,0x00,0,563,0,0
3460743947,5425,9,0x00,0,564,0,0
3460744379,5425,9,0x00,0,565,0,0
3460744812,5425,9,0x00,0,566,0,0
3460745244,5425,9,0x00,0,567,0,0
3460745676,5425,9,0x00,0,568,0,0
3460746109,5425,9,0x00,0,569,0,1
3460746536,5425,9,0x00,0,570,0,0
3460746968,5425,9,0x00,0,571,0,0
3460747401,5425,9,0x00,0,572,0,0
3460747833,5425,9,0x00,0,573,0,0
3460748265,5425,9,0x00,0,574,0,0
3460748697,5425,9,0x00,0,575,0,0
3460749129,5425,9,0x00,0,576,0,0
3460749561,5425,9,0x00,0,577,0,0
3460749993,5425,9,0x00,0,578,0,0
3460750426,5425,9,0x00,0,579,0,0
3460750858,5425,9,0x00,0,580,0,0
3460751290,5425,9,0x00,0,581,0,0
3460751723,5425,9,0x00,0,582,0,0
3460752155,5425,9,0x00,0,583,0,0
3460752587,5425,9,0x00,0,584,0,0
3460753020,5425,9,0x00,0,585,0,0
3460753452,5425,9,0x00,0,586,0,1
3460753879,5425,9,0x00,0,587,0,1
3460754306,5425,9,0x00,0,588,0,1
3460754733,5425,9,0x00,0,589,0,1
3460755159,5425,9,0x00,0,590,0,0
3460755592,5425,9,0x00,0,591,0,0
3460756024,5425,9,0x00,0,592,0,0
3460756457,5425,9,0x00,0,593,0,0
3460756889,5425,9,0x00,0,594,0,0
3460757321,5425,9,0x00,0,595,0,0
3460757753,5425,9,0x00,0,596,0,0
3460758186,5425,9,0x00,0,597,0,0
3460758618,5425,9,0x00,0,598,0,0
3460759051,5425,9,0x00,0,599,0,0
3460759483,5425,9,0x00,0,600,0,0
3460759915,5425,9,0x00,0,601,0,0
3460760348,5425,9,0x00,0,602,0,0
3460760780,5425,9,0x00,0,603,0,0
3460761212,5425,9,0x00,0,604,0,0
3460761645,5425,9,0x00,0,605,0,0
3460762077,5425,9,0x00,0,606,0,0
3460762509,5425,9,0x00,0,607,0,0
3460762942,5425,9,0x00,0,608,0,0
3460763374,5425,9,0x00,0,609,0,0
3460763806,5425,9,0x00,0,610,0,0
3460764239,5425,9,0x00,0,611,0,0
3460764671,5425,9,0x00,0,612,0,0
3460765103,5425,9,0x00,0,613,0,0
3460765536,5425,9,0x00,0,614,0,0
3460765968,5425,9,0x00,0,615,0,1
3460766395,5425,9,0x00,0,616,0,1
3460766822,5425,9,0x00,0,617,0,1
3460767249,5425,9,0x00,0,618,0,1
3460767676,5425,9,0x00,0,619,0,0
3460768108,5425,9,0x00,0,620,0,0
3460768540,5425,9,0x00,0,621,0,0
3460768973,5425,9,0x00,0,622,0,0
3460769405,5425,9,0x00,0,623,0,0
3460769837,5425,9,0x00,0,624,0,0
3460770270,5425,9,0x00,0,625,0,0
3460770702,5425,9,0x00,0,626,0,0
3460771134,5425,9,0x00,0,627,0,0
3460771566,5425,9,0x00,0,628,0,0
3460771999,5425,9,0x00,0,629,0,0
3460772431,5425,9,0x00,0,630,0,0
3460772863,5425,9,0x00,0,631,0,0
3460773296,5425,9,0x00,0,632,0,0
3460773728,5425,9,0x00,0,633,0,0
3460774160,5425,9,0x00,0,634,0,0
3460774592,5425,9,0x00,0,635,0,0
3460775025,5425,9,0x00,0,636,0,0
3460775457,5425,9,0x00,0,637,0,0
3460775889,5425,9,0x00,0,638,0,0
3460776322,5425,9,0x00,0,639,0,0
3460776754,5425,9,0x00,0,640,0,0
3460777186,5425,9,0x00,0,641,0,0
3460777619,5425,9,0x00,0,642,0,0
3460778051,5425,9,0x00,0,643,0,0
3460778483,5425,9,0x00,0,644,0,0
3460778915,5425,9,0x00,0,645,0,0
3460779348,5425,9,0x00,0,646,0,0
3460779780,5425,9,0x00,0,647,0,0
3460780212,5425,9,0x00,0,648,0,0
3460780645,5425,9,0x00,0,649,0,0
3460781077,5425,9,0x00,0,650,0,0
3460781509,5425,9,0x00,0,651,0,0
3460781942,5425,9,0x00,0,652,0,0
3460782374,5425,9,0x00,0,653,0,1
3460782801,5425,9,0x00,0,654,0,1
3460783228,5425,9,0x00,0,655,0,0
3460783660,5425,9,0x00,0,656,0,0
3460784092,5425,9,0x00,0,657,0,0
3460784525,5425,9,0x00,0,658,0,0
3460784957,5425,9,0x00,0,659,0,0
3460785389,5425,9,0x00,0,660,0,0
3460785822,5425,9,0x00,0,661,0,0
3460786254,5425,9,0x00,0,662,0,1
3460786681,5425,9,0x00,0,663,0,1
3460787108,5425,9,0x00,0,664,0,1
3460787535,5425,9,0x00,0,665,0,1
3460787962,5425,9,0x00,0,666,0,1
3460788388,5425,9,0x00,0,667,0,0
3460788821,5425,9,0x00,0,668,0,0
3460789253,5425,9,0x00,0,669,0,0
3460789685,5425,9,0x00,0,670,0,0
3460790118,5425,9,0x00,0,671,0,0
3460790550,5425,9,0x00,0,672,0,0
3460790982,5425,9,0x00,0,673,0,0
3460791415,5425,9,0x00,0,674,0,0
3460791847,5425,9,0x00,0,675,0,0
3460792279,5425,9,0x00,0,676,0,0
3460792712,5425,9,0x00,0,677,0,0
3460793144,5425,9,0x00,0,678,0,0
3460793576,5425,9,0x00,0,679,0,0
3460794009,5425,9,0x00,0,680,0,0
3460794441,5425,9,0x00,0,681,0,0
3460794873,5425,9,0x00,0,682,0,0
3460795306,5425,9,0x00,0,683,0,0
3460795738,5425,9,0x00,0,684,0,0
3460796170,5425,9,0x00,0,685,0,0
3460796602,5425,9,0x00,0,686,0,0
3460797035,5425,9,0x00,0,687,0,0
3460797467,5425,9,0x00,0,688,0,0
3460797900,5425,9,0x00,0,689,0,0
3460798332,5425,9,0x00,0,690,0,1
3460798759,5425,9,0x00,0,691,0,1
3460799186,5425,9,0x00,0,692,0,1
3460799613,5425,9,0x00,0,693,0,1
3460800040,5425,9,0x00,0,694,0,0
3460800472,5425,9,0x00,0,695,0,0
3460800904,5425,9,0x00,0,696,0,1
3460801331,5425,9,0x00,0,697,0,0
3460801764,5425,9,0x00,0,698,0,0
3460802196,5425,9,0x00,0,699,0,0
3460802628,5425,9,0x00,0,700,0,0
3460803061,5425,9,0x00,0,701,0,0
3460803493,5425,9,0x00,0,702,0,0
3460803925,5425,9,0x00,0,703,0,0
3460804358,5425,9,0x00,0,704,0,0
3460804790,5425,9,0x00,0,705,0,0
3460805223,5425,9,0x00,0,706,0,0
3460805655,5425,9,0x00,0,707,0,0
3460806087,5425,9,0x00,0,708,0,0
3460806520,5425,9,0x00,0,709,0,0
3460806952,5425,9,0x00,0,710,0,1
3460807379,5425,9,0x00,0,711,0,0
3460807811,5425,9,0x00,0,712,0,0
3460808244,5425,9,0x00,0,713,0,1
3460808671,5425,9,0x00,0,714,0,1
3460809097,5425,9,0x00,0,715,0,1
3460809524,5425,9,0x00,0,716,0,1
3460809951,5425,9,0x00,0,717,0,1
3460810378,5425,9,0x00,0,718,0,1
3460810805,5425,9,0x00,0,719,0,0
3460811237,5425,9,0x00,0,720,0,0
3460811670,5425,9,0x00,0,721,0,0
3460812102,5425,9,0x00,0,722,0,0
3460812534,5425,9,0x00,0,723,0,0
3460812967,5425,9,0x00,0,724,0,0
3460813399,5425,9,0x00,0,725,0,0
3460813831,5425,9,0x00,0,726,0,0
3460814264,5425,9,0x00,0,727,0,0
3460814696,5425,9,0x00,0,728,0,0
3460815128,5425,9,0x00,0,729,0,0
3460815560,5425,9,0x00,0,730,0,0
3460815993,5425,9,0x00,0,731,0,0
3460816425,5425,9,0x00,0,732,0,0
3460816857,5425,9,0x00,0,733,0,0
3460817289,5425,9,0x00,0,734,0,1
3460817716,5425,9,0x00,0,735,0,1
3460818143,5425,9,0x00,0,736,0,1
3460818570,5425,9,0x00,0,737,0,1
3460818997,5425,9,0x00,0,738,0,0
3460819429,5425,9,0x00,0,739,0,0
3460819862,5425,9,0x00,0,740,0,0
3460820294,5425,9,0x00,0,741,0,0
3460820726,5425,9,0x00,0,742,0,0
3460821159,5425,9,0x00,0,743,0,0
3460821591,5425,9,0x00,0,744,0,1
3460822018,5425,9,0x00,0,745,0,0
3460822450,5425,9,0x00,0,746,0,0
3460822883,5425,9,0x00,0,747,0,0
3460823315,5425,9,0x00,0,748,0,1
3460823742,5425,9,0x00,0,749,0,1
3460824169,5425,9,0x00,0,750,0,1
3460824596,5425,9,0x00,0,751,0,0
3460825028,5425,9,0x00,0,752,0,0
3460825460,5425,9,0x00,0,753,0,0
3460825893,5425,9,0x00,0,754,0,0
3460826325,5425,9,0x00,0,755,0,0
3460826757,5425,9,0x00,0,756,0,0
3460827190,5425,9,0x00,0,757,0,0
3460827622,5425,9,0x00,0,758,0,0
3460828054,5425,9,0x00,0,759,0,0
3460828486,5425,9,0x00,0,760,0,0
3460828919,5425,9,0x00,0,761,0,0
3460829351,5425,9,0x00,0,762,0,0
3460829783,5425,9,0x00,0,763,0,0
3460830216,5425,9,0x00,0,764,0,0
3460830648,5425,9,0x00,0,765,0,0
3460831080,5425,9,0x00,0,766,0,0
3460831513,5425,9,0x00,0,767,0,0
3460831945,5425,9,0x00,0,768,0,0
3460832377,5425,9,0x00,0,769,0,0
3460832809,5425,9,0x00,0,770,0,0
3460833241,5425,9,0x00,0,771,0,0
3460833674,5425,9,0x00,0,772,0,0
3460834106,5425,9,0x00,0,773,0,1
3460834533,5425,9,0x00,0,774,0,1
3460834960,5425,9,0x00,0,775,0,1
3460835387,5425,9,0x00,0,776,0,0
3460835819,5425,9,0x00,0,777,0,0
3460836251,5425,9,0x00,0,778,0,0
3460836684,5425,9,0x00,0,779,0,0
3460837116,5425,9,0x00,0,780,0,0
3460837548,5425,9,0x00,0,781,0,0
3460837981,5425,9,0x00,0,782,0,0
3460838413,5425,9,0x00,0,783,0,0
3460838845,5425,9,0x00,0,784,0,0
3460839278,5425,9,0x00,0,785,0,0
3460839710,5425,9,0x00,0,786,0,0
3460840142,5425,9,0x00,0,787,0,0
3460840575,5425,9,0x00,0,788,0,0
3460841007,5425,9,0x00,0,789,0,0
3460841439,5425,9,0x00,0,790,0,0
3460841872,5425,9,0x00,0,791,0,0
3460842304,5425,9,0x00,0,792,0,0
3460842736,5425,9,0x00,0,793,0,0
3460843168,5425,9,0x00,0,794,0,0
3460843601,5425,9,0x00,0,795,0,0
3460844033,5425,9,0x00,0,796,0,0
3460844465,5425,9,0x00,0,797,0,0
3460844898,5425,9,0x00,0,798,0,0
3460845330,5425,9,0x00,0,799,0,0
3460845762,5425,9,0x00,0,800,0,0
3460846194,5425,9,0x00,0,801,0,0
3460846627,5425,9,0x00,0,802,0,0
3460847059,5425,9,0x00,0,803,0,0
3460847491,5425,9,0x00,0,804,0,0
3460847924,5425,9,0x00,0,805,0,0
3460848356,5425,9,0x00,0,806,0,0
3460848788,5425,9,0x00,0,807,0,0
3460849221,5425,9,0x00,0,808,0,0
3460849653,5425,9,0x00,0,809,0,0
3460850085,5425,9,0x00,0,810,0,0
3460850518,5425,9,0x00,0,811,0,0
3460850950,5425,9,0x00,0,812,0,0
3460851382,5425,9,0x00,0,813,0,1
3460851809,5425,9,0x00,0,814,0,1
3460852236,5425,9,0x00,0,815,0,0
3460852668,5425,9,0x00,0,816,0,0
3460853101,5425,9,0x00,0,817,0,0
3460853533,5425,9,0x00,0,818,0,0
3460853965,5425,9,0x00,0,819,0,0
3460854398,5425,9,0x00,0,820,0,0
3460854830,5425,9,0x00,0,821,0,1
3460855257,5425,9,0x00,0,822,0,1
3460855684,5425,9,0x00,0,823,0,1
3460856111,5425,9,0x00,0,824,0,1
3460856538,5425,9,0x00,0,825,0,1
3460856965,5425,9,0x00,0,826,0,1
3460857391,5425,9,0x00,0,827,0,1
3460857818,5425,9,0x00,0,828,0,1
3460858245,5425,9,0x00,0,829,0,0
3460858678,5425,9,0x00,0,830,0,0
3460859110,5425,9,0x00,0,831,0,0
3460859542,5425,9,0x00,0,832,0,0
3460859974,5425,9,0x00,0,833,0,0
3460860407,5425,9,0x00,0,834,0,0
3460860839,5425,9,0x00,0,835,0,0
3460861271,5425,9,0x00,0,836,0,0
3460861704,5425,9,0x00,0,837,0,0
3460862136,5425,9,0x00,0,838,0,0
3460862568,5425,9,0x00,0,839,0,0
3460863000,5425,9,0x00,0,840,0,0
3460863433,5425,9,0x00,0,841,0,0
3460863865,5425,9,0x00,0,842,0,0
3460864297,5425,9,0x00,0,843,0,0
3460864729,5425,9,0x00,0,844,0,0
3460865162,5425,9,0x00,0,845,0,1
3460865589,5425,9,0x00,0,846,0,1
3460866016,5425,9,0x00,0,847,0,1
3460866443,5425,9,0x00,0,848,0,1
3460866869,5425,9,0x00,0,849,0,1
3460867296,5425,9,0x00,0,850,0,1
3460867723,5425,9,0x00,0,851,0,1
3460868150,5425,9,0x00,0,852,0,1
3460868577,5425,9,0x00,0,853,0,1
3460869004,5425,9,0x00,0,854,0,1
3460869431,5425,9,0x00,0,855,0,1
3460869858,5425,9,0x00,0,856,0,0
3460870290,5425,9,0x00,0,857,0,0
3460870723,5425,9,0x00,0,858,0,0
3460871155,5425,9,0x00,0,859,0,0
3460871587,5425,9,0x00,0,860,0,0
3460872019,5425,9,0x00,0,861,0,1
3460872446,5425,9,0x00,0,862,0,1
3460872873,5425,9,0x00,0,863,0,0
3460873305,5425,9,0x00,0,864,0,0
3460873738,5425,9,0x00,0,865,0,0
3460874170,5425,9,0x00,0,866,0,1
3460874597,5425,9,0x00,0,867,0,1
3460875024,5425,9,0x00,0,868,0,1
3460875451,5425,9,0x00,0,869,0,0
3460875883,5425,9,0x00,0,870,0,0
3460876315,5425,9,0x00,0,871,0,0
3460876747,5425,9,0x00,0,872,0,0
3460877179,5425,9,0x00,0,873,0,0
3460877612,5425,9,0x00,0,874,0,0
3460878044,5425,9,0x00,0,875,0,0
3460878476,5425,9,0x00,0,876,0,0
3460878909,5425,9,0x00,0,877,0,0
3460879341,5425,9,0x00,0,878,0,0
3460879773,5425,9,0x00,0,879,0,0
3460880206,5425,9,0x00,0,880,0,0
3460880638,5425,9,0x00,0,881,0,0
3460881070,5425,9,0x00,0,882,0,0
3460881503,5425,9,0x00,0,883,0,0
3460881935,5425,9,0x00,0,884,0,0
3460882367,5425,9,0x00,0,885,0,0
3460882800,5425,9,0x00,0,886,0,0
3460883232,5425,9,0x00,0,887,0,0
3460883664,5425,9,0x00,0,888,0,0
3460884097,5425,9,0x00,0,889,0,0
3460884529,5425,9,0x00,0,890,0,0
3460884961,5425,9,0x00,0,891,0,0
3460885394,5425,9,0x00,0,892,0,0
3460885826,5425,9,0x00,0,893,0,0
3460886258,5425,9,0x00,0,894,0,0
3460886690,5425,9,0x00,0,895,0,0
3460887123,5425,9,0x00,0,896,0,0
3460887555,5425,9,0x00,0,897,0,0
3460887987,5425,9,0x00,0,898,0,0
3460888420,5425,9,0x00,0,899,0,0
3460888852,5425,9,0x00,0,900,0,0
3460889284,5425,9,0x00,0,901,0,0
3460889717,5425,9,0x00,0,902,0,0
3460890149,5425,9,0x00,0,903,0,0
3460890581,5425,9,0x00,0,904,0,0
3460891014,5425,9,0x00,0,905,0,0
3460891446,5425,9,0x00,0,906,0,0
3460891878,5425,9,0x00,0,907,0,0
3460892311,5425,9,0x00,0,908,0,0
3460892743,5425,9,0x00,0,909,0,0
3460893176,5425,9,0x00,0,910,0,0
3460893608,5425,9,0x00,0,911,0,0
3460894040,5425,9,0x00,0,912,0,0
3460894473,5425,9,0x00,0,913,0,0
3460894905,5425,9,0x00,0,914,0,1
3460895332,5425,9,0x00,0,915,0,1
3460895759,5425,9,0x00,0,916,0,1
3460896186,5425,9,0x00,0,917,0,1
3460896613,5425,9,0x00,0,918,0,1
3460897040,5425,9,0x00,0,919,0,1
3460897466,5425,9,0x00,0,920,0,1
3460897893,5425,9,0x00,0,921,0,1
3460898320,5425,9,0x00,0,922,0,1
3460898747,5425,9,0x00,0,923,0,0
3460899180,5425,9,0x00,0,924,0,0
3460899612,5425,9,0x00,0,925,0,0
3460900044,5425,9,0x00,0,926,0,0
3460900476,5425,9,0x00,0,927,0,0
3460900909,5425,9,0x00,0,928,0,0
3460901341,5425,9,0x00,0,929,0,0
3460901773,5425,9,0x00,0,930,0,0
3460902206,5425,9,0x00,0,931,0,1
3460902633,5425,9,0x00,0,932,0,1
3460903059,5425,9,0x00,0,933,0,1
3460903486,5425,9,0x00,0,934,0,1
3460903913,5425,9,0x00,0,935,0,0
3460904345,5425,9,0x00,0,936,0,0
3460904777,5425,9,0x00,0,937,0,0
3460905210,5425,9,0x00,0,938,0,0
3460905642,5425,9,0x00,0,939,0,0
3460906074,5425,9,0x00,0,940,0,0
3460906506,5425,9,0x00,0,941,0,0
3460906939,5425,9,0x00,0,942,0,0
3460907371,5425,9,0x00,0,943,0,1
3460907798,5425,9,0x00,0,944,0,1
3460908225,5425,9,0x00,0,945,0,1
3460908652,5425,9,0x00,0,946,0,1
3460909079,5425,9,0x00,0,947,0,1
3460909506,5425,9,0x00,0,948,0,1
3460909932,5425,9,0x00,0,949,0,1
3460910359,5425,9,0x00,0,950,0,1
3460910786,5425,9,0x00,0,951,0,1
3460911213,5425,9,0x00,0,952,0,0
3460911645,5425,9,0x00,0,953,0,0
3460912078,5425,9,0x00,0,954,0,0
3460912510,5425,9,0x00,0,955,0,0
3460912942,5425,9,0x00,0,956,0,0
3460913375,5425,9,0x00,0,957,0,0
3460913807,5425,9,0x00,0,958,0,0
3460914239,5425,9,0x00,0,959,0,0
3460914672,5425,9,0x00,0,960,0,0
3460915104,5425,9,0x00,0,961,0,0
3460915536,5425,9,0x00,0,962,0,0
3460915969,5425,9,0x00,0,963,0,0
3460916401,5425,9,0x00,0,964,0,0
3460916833,5425,9,0x00,0,965,0,0
3460917265,5425,9,0x00,0,966,0,0
3460917698,5425,9,0x00,0,967,0,0
3460918130,5425,9,0x00,0,968,0,0
3460918562,5425,9,0x00,0,969,0,0
3460918995,5425,9,0x00,0,970,0,0
3460919427,5425,9,0x00,0,971,0,0
3460919859,5425,9,0x00,0,972,0,0
3460920292,5425,9,0x00,0,973,0,0
3460920724,5425,9,0x00,0,974,0,0
3460921156,5425,9,0x00,0,975,0,0
3460921588,5425,9,0x00,0,976,0,0
3460922021,5425,9,0x00,0,977,0,0
3460922453,5425,9,0x00,0,978,0,0
3460922885,5425,9,0x00,0,979,0,0
3460923317,5425,9,0x00,0,980,0,0
3460923750,5425,9,0x00,0,981,0,0
3460924182,5425,9,0x00,0,982,0,0
3460924614,5425,9,0x00,0,983,0,0
3460925047,5425,9,0x00,0,984,0,0
3460925479,5425,9,0x00,0,985,0,0
3460925911,5425,9,0x00,0,986,0,1
3460926338,5425,9,0x00,0,987,0,1
3460926765,5425,9,0x00,0,988,0,1
3460927192,5425,9,0x00,0,989,0,1
3460927619,5425,9,0x00,0,990,0,1
3460928046,5425,9,0x00,0,991,0,0
3460928478,5425,9,0x00,0,992,0,0
3460928910,5425,9,0x00,0,993,0,0
3460929343,5425,9,0x00,0,994,0,0
3460929775,5425,9,0x00,0,995,0,0
3460930207,5425,9,0x00,0,996,0,0
3460930640,5425,9,0x00,0,997,0,0
3460931072,5425,9,0x00,0,998,0,0
3460931504,5425,9,0x00,0,999,0,0
3460931937,5425,9,0x00,0,1000,0,0
3460932369,5425,9,0x00,0,1001,0,0
3460932801,5425,9,0x00,0,1002,0,0
3460933233,5425,9,0x00,0,1003,0,0
3460933666,5425,9,0x00,0,1004,0,0
3460934098,5425,9,0x00,0,1005,0,0
3460934530,5425,9,0x00,0,1006,0,0
3460934963,5425,9,0x00,0,1007,0,1
3460935390,5425,9,0x00,0,1008,0,1
3460935816,5425,9,0x00,0,1009,0,1
3460936243,5425,9,0x00,0,1010,0,1
3460936670,5425,9,0x00,0,1011,0,1
3460937097,5425,9,0x00,0,1012,0,1
3460937524,5425,9,0x00,0,1013,0,1
3460937951,5425,9,0x00,0,1014,0,0
3460938383,5425,9,0x00,0,1015,0,0
3460938816,5425,9,0x00,0,1016,0,0
3460939248,5425,9,0x00,0,1017,0,0
3460939680,5425,9,0x00,0,1018,0,0
3460940112,5425,9,0x00,0,1019,0,0
3460940545,5425,9,0x00,0,1020,0,0
3460940977,5425,9,0x00,0,1021,0,0
3460941409,5425,9,0x00,0,1022,0,0
3460941842,5425,9,0x00,0,1023,0,0
3460942274,5425,9,0x00,0,1024,0,0
3460942706,5425,9,0x00,0,1025,0,1
3460943133,5425,9,0x00,0,1026,0,1
3460943560,5425,9,0x00,0,1027,0,0
3460943992,5425,9,0x00,0,1028,0,0
3460944425,5425,9,0x00,0,1029,0,0
3460944857,5425,9,0x00,0,1030,0,0
3460945289,5425,9,0x00,0,1031,0,0
3460945721,5425,9,0x00,0,1032,0,0
3460946154,5425,9,0x00,0,1033,0,0
3460946586,5425,9,0x00,0,1034,0,0
3460947019,5425,9,0x00,0,1035,0,0
3460947451,5425,9,0x00,0,1036,0,0
3460947883,5425,9,0x00,0,1037,0,0
3460948315,5425,9,0x00,0,1038,0,0
3460948748,5425,9,0x00,0,1039,0,0
3460949180,5425,9,0x00,0,1040,0,0
3460949612,5425,9,0x00,0,1041,0,0
3460950045,5425,9,0x00,0,1042,0,0
3460950477,5425,9,0x00,0,1043,0,0
3460950909,5425,9,0x00,0,1044,0,0
3460951342,5425,9,0x00,0,1045,0,0
3460951774,5425,9,0x00,0,1046,0,0
3460952206,5425,9,0x00,0,1047,0,0
3460952639,5425,9,0x00,0,1048,0,0
3460953071,5425,9,0x00,0,1049,0,1
3460953498,5425,9,0x00,0,1050,0,1
3460953925,5425,9,0x00,0,1051,0,1
3460954352,5425,9,0x00,0,1052,0,1
3460954778,5425,9,0x00,0,1053,0,1
3460955205,5425,9,0x00,0,1054,0,1
3460955632,5425,9,0x00,0,1055,0,0
3460956064,5425,9,0x00,0,1056,0,0
